bin,0.983226974646172,1,largeAI,21.8269999999993
bin,0.983226974646172,1,NAI,8.56100000000151
bin,0.983226974646172,1,consisAI,6.16000000000167
bin,0.983226974646172,1,smallAI,10.3860000000004
bin,1,1,largeAI,10.6299999999992
bin,1,1,NAI,5.54500000000007
bin,1,1,consisAI,5.6830000000009
bin,1,1,smallAI,13.7109999999993
bin,1,1,largeAI,15.9320000000007
bin,1,1,NAI,5.01000000000022
bin,1,1,consisAI,4.07100000000173
bin,1,1,smallAI,6.10699999999997
bin,1,1,largeAI,10.0899999999983
bin,1,1,NAI,7.90799999999945
bin,1,1,consisAI,9.84699999999975
bin,1,1,smallAI,12.0399999999991
bin,1,1,largeAI,22.9130000000005
bin,1,1,NAI,7.42200000000048
bin,1,1,consisAI,8.16400000000067
bin,1,1,smallAI,6.89099999999962
bin,1,1,largeAI,16.6569999999992
bin,1,1,NAI,6.74200000000019
bin,1,1,consisAI,5.71399999999994
bin,1,1,smallAI,7.13500000000022
bin,1,1,largeAI,20.4169999999995
bin,1,1,NAI,9.375
bin,1,1,consisAI,7.34000000000015
bin,1,1,smallAI,8.47499999999854
bin,1,1,largeAI,15.5069999999996
bin,1,1,NAI,10.7380000000012
bin,1,1,consisAI,10.1899999999987
bin,1,1,smallAI,5.82799999999952
bin,0.983226974646172,1,largeAI,22.2360000000008
bin,0.983226974646172,1,NAI,7.46399999999994
bin,0.983226974646172,1,consisAI,8.0570000000007
bin,0.983226974646172,1,smallAI,8.55900000000111
bin,1,1,largeAI,12.0040000000008
bin,1,1,NAI,5.54299999999967
bin,1,1,consisAI,5.69200000000092
bin,1,1,smallAI,11.7690000000002
bin,1,1,largeAI,13.0210000000006
bin,1,1,NAI,7.85000000000036
bin,1,1,consisAI,8.85600000000159
bin,1,1,smallAI,7.58699999999953
bin,1,1,largeAI,18.2630000000008
bin,1,1,NAI,10.5779999999995
bin,1,1,consisAI,7.53100000000268
bin,1,1,smallAI,6.72200000000157
bin,1,1,largeAI,12.1929999999993
bin,1,1,NAI,5.53700000000026
bin,1,1,consisAI,5.57600000000093
bin,1,1,smallAI,9.52900000000227
bin,1,1,largeAI,21.9249999999993
bin,1,1,NAI,10.3090000000011
bin,1,1,consisAI,9.10099999999875
bin,1,1,smallAI,6.65999999999985
bin,1,1,largeAI,18.0500000000011
bin,1,1,NAI,9.60699999999997
bin,1,1,consisAI,9.76299999999901
bin,1,1,smallAI,5.8550000000032
bin,1,1,largeAI,23.598
bin,1,1,NAI,5.84199999999873
bin,1,1,consisAI,7.60099999999875
bin,1,1,smallAI,5.23400000000038
bin,1,1,largeAI,20.871000000001
bin,1,1,NAI,8.84899999999834
bin,1,1,consisAI,8.44099999999889
bin,1,1,smallAI,6.09800000000178
bin,1,1,largeAI,14.6540000000005
bin,1,1,NAI,6.16699999999946
bin,1,1,consisAI,6.48199999999997
bin,1,1,smallAI,8.53499999999985
bin,1,1,largeAI,19.2839999999997
bin,1,1,NAI,7.69599999999991
bin,1,1,consisAI,7.13600000000224
bin,1,1,smallAI,7.15499999999884
bin,0.983226974646172,1,largeAI,9.9369999999999
bin,0.983226974646172,1,NAI,4.31400000000031
bin,0.983226974646172,1,consisAI,3.99099999999999
bin,0.983226974646172,1,smallAI,7.09400000000096
bin,1,1,largeAI,15.018
bin,1,1,NAI,8.6150000000016
bin,1,1,consisAI,6.93699999999808
bin,1,1,smallAI,5.31700000000274
bin,1,1,largeAI,20.0949999999975
bin,1,1,NAI,14.5659999999989
bin,1,1,consisAI,7.86699999999837
bin,1,1,smallAI,5.41100000000006
bin,1,1,largeAI,19.5319999999992
bin,1,1,NAI,9.3760000000002
bin,1,1,consisAI,6.50300000000061
bin,1,0.837209302325581,smallAI,5.64899999999761
bin,1,1,largeAI,20.4140000000007
bin,1,1,NAI,6.5679999999993
bin,1,1,consisAI,7.26400000000285
bin,1,1,smallAI,7.99799999999959
bin,0.983226974646172,1,largeAI,10.3320000000022
bin,0.983226974646172,1,NAI,4.66799999999785
bin,0.983226974646172,0,consisAI,2.7589999999982
bin,0.983226974646172,1,smallAI,7.72099999999773
bin,1,1,largeAI,10.5679999999993
bin,1,1,NAI,6.27100000000064
bin,1,1,consisAI,5.76599999999962
bin,1,1,smallAI,7.97399999999834
bin,1,1,largeAI,19.711000000003
bin,1,1,NAI,11.344000000001
bin,1,1,consisAI,5.42299999999886
bin,1,1,smallAI,6.35299999999916
bin,1,1,largeAI,10.3549999999996
bin,1,1,NAI,4.43800000000192
bin,1,1,consisAI,5.63199999999779
bin,1,1,smallAI,8.8660000000018
bin,1,1,largeAI,17.2169999999969
bin,1,1,NAI,8.14199999999983
bin,1,1,consisAI,8.14099999999962
bin,1,1,smallAI,5.23600000000079
bin,1,1,largeAI,18.7270000000026
bin,1,0,NAI,3.78800000000047
bin,1,1,consisAI,8.52400000000125
bin,1,1,smallAI,10.0699999999997
bin,1,1,largeAI,22.5460000000021
bin,1,0,NAI,6.27599999999802
bin,1,1,consisAI,8.64999999999782
bin,1,1,smallAI,6.51199999999881
bin,1,1,largeAI,10.3270000000011
bin,1,1,NAI,5.40899999999965
bin,1,1,consisAI,7.00500000000102
bin,1,1,smallAI,7.29999999999927
bin,1,1,largeAI,10.5670000000027
bin,1,1,NAI,5.13500000000204
bin,1,1,consisAI,5.1260000000002
bin,1,1,smallAI,7.58899999999994
bin,1,1,largeAI,20.4570000000022
bin,1,1,NAI,9.79999999999927
bin,1,1,consisAI,4.31099999999788
bin,1,1,smallAI,5.21000000000276
bin,1,1,largeAI,23.6230000000032
bin,1,1,NAI,10.1959999999999
bin,1,1,consisAI,6.04300000000148
bin,1,1,smallAI,7.28199999999924
bin,1,1,largeAI,19.4849999999969
bin,1,1,NAI,11.2050000000017
bin,1,1,consisAI,7.71900000000096
bin,1,1,smallAI,5.58399999999892
bin,1,1,largeAI,23.6179999999986
bin,1,1,NAI,12.643
bin,1,1,consisAI,3.55500000000029
bin,1,1,smallAI,5.97699999999895
bin,1,1,largeAI,15.726999999999
bin,1,1,NAI,11.1669999999976
bin,1,1,consisAI,9.45999999999913
bin,1,1,smallAI,8.75
bin,1,1,largeAI,16.8400000000001
bin,1,0,NAI,4.68899999999849
bin,1,0,consisAI,3.77600000000166
bin,1,1,smallAI,10.6310000000012
bin,1,1,largeAI,10.385000000002
bin,1,1,NAI,5.03199999999924
bin,1,1,consisAI,6.07300000000032
bin,1,1,smallAI,8.4320000000007
bin,1,1,largeAI,16.2969999999987
bin,1,1,NAI,11.9449999999997
bin,1,1,consisAI,7.53400000000329
bin,1,1,smallAI,9.31400000000212
bin,1,1,largeAI,23.0969999999979
bin,1,1,NAI,6.01499999999942
bin,1,1,consisAI,5.60099999999875
bin,1,1,smallAI,10.7479999999996
bin,1,1,largeAI,11.0110000000022
bin,1,1,NAI,4.48099999999977
bin,1,1,consisAI,5.69800000000032
bin,1,1,smallAI,8.22499999999854
bin,1,1,largeAI,10.3709999999992
bin,1,1,NAI,5.08799999999974
bin,1,1,consisAI,5.31599999999889
bin,1,1,smallAI,7.62199999999939
bin,1,1,largeAI,19.4290000000001
bin,1,1,NAI,8.27299999999741
bin,1,1,consisAI,5.08300000000236
bin,1,1,smallAI,5.30600000000049
bin,0.983226974646172,1,largeAI,10.530999999999
bin,0.983226974646172,1,NAI,4.68999999999869
bin,0.983226974646172,1,consisAI,4.90100000000166
bin,0.983226974646172,1,smallAI,14.6469999999972
bin,1,1,largeAI,23.4069999999992
bin,1,1,NAI,11.0699999999997
bin,1,1,consisAI,7.38400000000183
bin,1,1,smallAI,4.40999999999985
bin,1,1,largeAI,21.2089999999989
bin,1,1,NAI,9.50699999999779
bin,1,1,consisAI,4.16699999999764
bin,1,1,smallAI,5.66899999999805
bin,1,1,largeAI,18.739999999998
bin,1,1,NAI,8.26499999999942
bin,1,1,consisAI,7.13799999999901
bin,1,1,smallAI,8.02999999999884
bin,1,1,largeAI,16.7459999999992
bin,1,1,NAI,10.8780000000006
bin,1,1,consisAI,6.06500000000233
bin,1,1,smallAI,9.32200000000012
bin,1,1,largeAI,14.2489999999998
bin,1,1,NAI,7.64800000000105
bin,1,1,consisAI,6.69900000000052
bin,1,0.837209302325581,smallAI,7.98700000000099
bin,1,1,largeAI,12.6500000000015
bin,1,1,NAI,6.47200000000157
bin,1,1,consisAI,8.24500000000262
bin,1,1,smallAI,7.93500000000131
bin,1,1,largeAI,16.4850000000006
bin,1,1,NAI,10.0380000000005
bin,1,1,consisAI,9.0679999999993
bin,1,1,smallAI,7.2970000000023
bin,1,1,largeAI,15.2429999999986
bin,1,1,NAI,6.92599999999948
bin,1,1,consisAI,10.9269999999997
bin,1,1,smallAI,6.95300000000134
bin,1,1,largeAI,17.0120000000024
bin,1,1,NAI,6.97600000000239
bin,1,1,consisAI,7.22599999999875
bin,1,1,smallAI,8.20999999999913
bin,1,1,largeAI,14.2530000000006
bin,1,0,NAI,3.44499999999971
bin,1,1,consisAI,6.7960000000021
bin,1,1,smallAI,17.2229999999981
bin,1,1,largeAI,18.2129999999997
bin,1,1,NAI,7.79200000000128
bin,1,1,consisAI,9.02000000000044
bin,1,1,smallAI,6.8169999999991
bin,1,1,largeAI,19.1260000000002
bin,1,1,NAI,8.29999999999927
bin,1,0,consisAI,5.45899999999892
bin,1,1,smallAI,9.53099999999904
bin,1,1,largeAI,16.4670000000006
bin,1,1,NAI,8.34999999999854
bin,1,1,consisAI,8.61999999999898
bin,1,1,smallAI,8.03399999999965
bin,1,1,largeAI,13.9150000000009
bin,1,1,NAI,9.25199999999677
bin,1,1,consisAI,6.87800000000061
bin,1,1,smallAI,6.91800000000148
bin,1,1,largeAI,10.5960000000014
bin,1,1,NAI,6.06100000000151
bin,1,1,consisAI,5.00700000000143
bin,1,1,smallAI,9.46099999999933
bin,1,1,largeAI,19.4649999999965
bin,1,1,NAI,10.0459999999985
bin,1,1,consisAI,5.77400000000125
bin,1,1,smallAI,8.56000000000131
bin,1,1,largeAI,18.8379999999997
bin,1,1,NAI,11.4569999999985
bin,1,1,consisAI,6.7410000000018
bin,1,1,smallAI,9.70499999999811
bin,1,0.837209302325581,largeAI,21.3960000000006
bin,1,1,NAI,10.6610000000001
bin,1,1,consisAI,5.22100000000137
bin,1,1,smallAI,8.27899999999863
bin,1,1,largeAI,18.4629999999997
bin,1,1,NAI,10.3339999999989
bin,1,1,consisAI,4.81899999999951
bin,1,1,smallAI,5.81500000000233
bin,1,1,largeAI,17.4459999999999
bin,1,1,NAI,8.21100000000297
bin,1,1,consisAI,5.5109999999986
bin,1,1,smallAI,4.96099999999933
bin,1,1,largeAI,13.3609999999971
bin,1,1,NAI,6.28800000000047
bin,1,1,consisAI,4.35000000000218
bin,1,1,smallAI,8.93299999999726
bin,1,1,largeAI,10.2459999999992
bin,1,1,NAI,4.92399999999907
bin,1,1,consisAI,5.375
bin,1,1,smallAI,8.17399999999907
bin,1,1,largeAI,21.1749999999993
bin,1,0,NAI,3.91700000000128
bin,1,1,consisAI,6.36699999999837
bin,1,1,smallAI,7.8169999999991
bin,1,1,largeAI,16.8849999999984
bin,1,1,NAI,9.52100000000064
bin,1,0,consisAI,3.20699999999852
bin,1,1,smallAI,8.72499999999854
bin,1,1,largeAI,13.6599999999999
bin,1,1,NAI,4.52100000000064
bin,1,1,consisAI,5.97400000000198
bin,1,1,smallAI,7.68999999999869
bin,1,1,largeAI,19.4629999999997
bin,1,1,NAI,7.23400000000038
bin,1,1,consisAI,9.56000000000131
bin,1,1,smallAI,7.41100000000006
bin,1,1,largeAI,20.7150000000001
bin,1,0,NAI,4.10299999999916
bin,1,1,consisAI,9.44700000000012
bin,1,1,smallAI,8.41999999999825
bin,1,1,largeAI,19.5470000000023
bin,1,1,NAI,9.4529999999977
bin,1,1,consisAI,7.95300000000134
bin,1,1,smallAI,6.61000000000058
bin,1,1,largeAI,18.5040000000008
bin,1,1,NAI,12.018
bin,1,1,consisAI,7.57400000000052
bin,1,1,smallAI,6.05400000000009
bin,1,1,largeAI,18.8640000000014
bin,1,1,NAI,12.2969999999987
bin,1,1,consisAI,5.11899999999878
bin,1,1,smallAI,7.57999999999811
bin,1,1,largeAI,17.8529999999992
bin,1,1,NAI,10.5169999999998
bin,1,1,consisAI,8.17399999999907
bin,1,1,smallAI,8.36300000000119
bin,1,1,largeAI,12.0600000000013
bin,1,1,NAI,4.38799999999901
bin,1,1,consisAI,5.48899999999776
bin,1,1,smallAI,7.45300000000134
bin,0.983226974646172,1,largeAI,15.2109999999993
bin,0.983226974646172,1,NAI,5.06100000000151
bin,0.983226974646172,1,consisAI,5.37199999999939
bin,0.983226974646172,1,smallAI,8.10600000000341
bin,1,1,largeAI,10.1929999999993
bin,1,1,NAI,7.06499999999869
bin,1,1,consisAI,11.6570000000029
bin,1,1,smallAI,10.8780000000006
bin,1,1,largeAI,10.7890000000007
bin,1,1,NAI,5.16100000000006
bin,1,1,consisAI,3.96499999999651
bin,1,1,smallAI,9.07099999999991
bin,1,1,largeAI,18.2309999999998
bin,1,1,NAI,9.54200000000128
bin,1,1,consisAI,7.74400000000242
bin,1,1,smallAI,5.55199999999968
bin,1,1,largeAI,17.3279999999977
bin,1,0,NAI,2.58499999999913
bin,1,1,consisAI,6.18799999999828
bin,1,1,smallAI,8.34399999999732
bin,1,1,largeAI,18.7079999999987
bin,1,0,NAI,2.35599999999977
bin,1,1,consisAI,7.07700000000114
bin,1,1,smallAI,10.5709999999999
bin,1,1,largeAI,19.0449999999983
bin,1,1,NAI,9.21099999999933
bin,1,1,consisAI,9.85900000000038
bin,1,0.837209302325581,smallAI,6.81200000000172
bin,1,1,largeAI,16.7220000000016
bin,1,1,NAI,7.76300000000265
bin,1,1,consisAI,7.21299999999974
bin,1,1,smallAI,6.51199999999881
bin,1,1,largeAI,10.8029999999999
bin,1,1,NAI,3.86700000000201
bin,1,1,consisAI,5.22500000000218
bin,1,1,smallAI,15.1460000000006
bin,1,1,largeAI,11.2069999999985
bin,1,0,NAI,3.2699999999968
bin,1,1,consisAI,9.36099999999715
bin,1,1,smallAI,11.8729999999996
bin,1,1,largeAI,18.5580000000009
bin,1,1,NAI,7.9330000000009
bin,1,1,consisAI,7.50300000000061
bin,1,1,smallAI,6.19599999999991
bin,1,1,largeAI,19.4300000000003
bin,1,1,NAI,8.94800000000032
bin,1,1,consisAI,6.79799999999886
bin,1,0.363636363636364,smallAI,3.9330000000009
bin,1,1,largeAI,19.2699999999968
bin,1,1,NAI,6.72400000000198
bin,1,1,consisAI,4.58299999999872
bin,1,1,smallAI,8.52899999999863
bin,1,1,largeAI,11.3040000000001
bin,1,1,NAI,5.40899999999965
bin,1,1,consisAI,9.52499999999782
bin,1,1,smallAI,13.3040000000001
bin,1,1,largeAI,20.525999999998
bin,1,1,NAI,5.09700000000157
bin,1,1,consisAI,5.81599999999889
bin,1,1,smallAI,10.9040000000023
bin,1,1,largeAI,18.6209999999992
bin,1,1,NAI,9.20000000000073
bin,1,1,consisAI,7.1150000000016
bin,1,1,smallAI,6.57999999999811
bin,1,1,largeAI,11.5229999999974
bin,1,1,NAI,5.60699999999997
bin,1,0,consisAI,3.15100000000166
bin,1,1,smallAI,14.0600000000013
bin,1,1,largeAI,15.387999999999
bin,1,1,NAI,9.31299999999828
bin,1,1,consisAI,7.60499999999956
bin,1,1,smallAI,8.20699999999852
bin,1,1,largeAI,18.6830000000009
bin,1,1,NAI,9.56899999999951
bin,1,1,consisAI,9.32500000000073
bin,1,1,smallAI,5.72799999999916
bin,1,1,largeAI,19.1389999999992
bin,1,0,NAI,4.4330000000009
bin,1,1,consisAI,7.51299999999901
bin,1,1,smallAI,9.46500000000015
bin,1,1,largeAI,10.3940000000002
bin,1,1,NAI,5.3739999999998
bin,1,1,consisAI,4.80900000000111
bin,1,1,smallAI,7.99199999999837
bin,1,1,largeAI,16.1080000000002
bin,1,1,NAI,8.4910000000018
bin,1,1,consisAI,10.0390000000007
bin,1,1,smallAI,9.28700000000026
bin,1,1,largeAI,10.6359999999986
bin,1,1,NAI,5.70699999999852
bin,1,1,consisAI,4.27199999999721
bin,1,1,smallAI,8.42299999999886
bin,1,1,largeAI,18.4439999999995
bin,1,1,NAI,9.60399999999936
bin,1,1,consisAI,7.14800000000105
bin,1,1,smallAI,8.37999999999738
bin,1,1,largeAI,17.7069999999985
bin,1,0,NAI,3.78999999999724
bin,1,1,consisAI,7.28199999999924
bin,1,1,smallAI,9.83799999999974
bin,1,1,largeAI,19.2159999999967
bin,1,1,NAI,9.40499999999884
bin,1,1,consisAI,6.79599999999846
bin,1,0.837209302325581,smallAI,6.31900000000314
bin,1,1,largeAI,17.1229999999996
bin,1,1,NAI,4.59900000000198
bin,1,0,consisAI,5.29500000000189
bin,1,1,smallAI,11.2199999999975
bin,1,1,largeAI,11.8460000000014
bin,1,1,NAI,8.82500000000073
bin,1,1,consisAI,8.48099999999977
bin,1,1,smallAI,9.80400000000009
bin,1,1,largeAI,17.3339999999989
bin,1,1,NAI,5.67199999999866
bin,1,1,consisAI,4.9989999999998
bin,1,1,smallAI,5.62299999999959
bin,1,1,largeAI,19.7479999999996
bin,1,1,NAI,8.86200000000099
bin,1,1,consisAI,4.84900000000198
bin,1,1,smallAI,5.19800000000032
bin,1,1,largeAI,11.9000000000015
bin,1,1,NAI,5.22300000000178
bin,1,0,consisAI,2.88600000000224
bin,1,1,smallAI,7.47399999999834
bin,1,1,largeAI,17.5499999999993
bin,1,1,NAI,9.30400000000009
bin,1,1,consisAI,6.375
bin,1,1,smallAI,8.93500000000131
bin,1,1,largeAI,13.7419999999984
bin,1,1,NAI,5.75700000000143
bin,1,1,consisAI,4.03499999999985
bin,1,1,smallAI,8.17699999999968
bin,1,1,largeAI,17.3559999999998
bin,1,1,NAI,10.023000000001
bin,1,1,consisAI,10.4979999999996
bin,1,1,smallAI,5.96100000000297
bin,1,1,largeAI,13.4659999999967
bin,1,1,NAI,5.61699999999837
bin,1,1,consisAI,5.91400000000067
bin,1,1,smallAI,7.60099999999875
bin,0.983226974646172,1,largeAI,20.2549999999974
bin,0.983226974646172,0,NAI,6.18799999999828
bin,0.983226974646172,1,consisAI,6.23499999999694
bin,0.983226974646172,1,smallAI,7.90799999999945
bin,1,1,largeAI,16.9069999999992
bin,1,1,NAI,10.4989999999998
bin,1,1,consisAI,8.1239999999998
bin,1,1,smallAI,4.20300000000134
bin,1,1,largeAI,15.3989999999976
bin,1,1,NAI,8.32200000000012
bin,1,1,consisAI,8.39300000000003
bin,1,1,smallAI,9.30900000000111
bin,1,1,largeAI,18.6889999999985
bin,1,1,NAI,11.7830000000031
bin,1,1,consisAI,5.79999999999927
bin,1,1,smallAI,6.65899999999965
bin,1,1,largeAI,18.1579999999994
bin,1,1,NAI,8.92599999999948
bin,1,1,consisAI,8.16800000000148
bin,1,1,smallAI,7.08400000000256
bin,1,0.837209302325581,largeAI,16.0819999999985
bin,1,1,NAI,5.55400000000009
bin,1,1,consisAI,4.61299999999756
bin,1,1,smallAI,7.40400000000227
bin,1,1,largeAI,14.7009999999973
bin,1,1,NAI,6.24799999999959
bin,1,1,consisAI,8.1260000000002
bin,1,1,smallAI,9.61299999999756
bin,1,1,largeAI,12.6700000000019
bin,1,0,NAI,3.91600000000108
bin,1,1,consisAI,9.17000000000189
bin,1,1,smallAI,12.9599999999991
bin,1,1,largeAI,18.4919999999984
bin,1,1,NAI,5.2510000000002
bin,1,1,consisAI,5.79300000000148
bin,1,1,smallAI,6.95700000000215
bin,1,1,largeAI,11.9890000000014
bin,1,1,NAI,7.36499999999796
bin,1,1,consisAI,7.07599999999729
bin,1,1,smallAI,12.6349999999984
bin,1,1,largeAI,18.2089999999989
bin,1,1,NAI,7.21500000000015
bin,1,1,consisAI,8.72799999999916
bin,1,1,smallAI,6.41400000000067
bin,1,1,largeAI,17.2940000000017
bin,1,1,NAI,7.73800000000119
bin,1,1,consisAI,6.93999999999869
bin,1,1,smallAI,9.95400000000154
bin,1,1,largeAI,16.005000000001
bin,1,1,NAI,9.72200000000157
bin,1,1,consisAI,10.3770000000004
bin,1,1,smallAI,6.28100000000268
bin,1,1,largeAI,12.9209999999985
bin,1,1,NAI,5.53600000000006
bin,1,1,consisAI,6.18699999999808
bin,1,1,smallAI,7.02000000000044
bin,1,1,largeAI,19.1990000000005
bin,1,0,NAI,5.55199999999968
bin,1,1,consisAI,7.8650000000016
bin,1,1,smallAI,10.2080000000024
bin,1,1,largeAI,15.4789999999994
bin,1,1,NAI,9.56200000000172
bin,1,1,consisAI,7.99199999999837
bin,1,1,smallAI,9.35800000000017
bin,1,1,largeAI,19.3070000000007
bin,1,1,NAI,6.06400000000212
bin,1,1,consisAI,5.72499999999854
bin,1,1,smallAI,8.41200000000026
bin,1,1,largeAI,17.5299999999988
bin,1,1,NAI,6.89099999999962
bin,1,1,consisAI,6.05600000000049
bin,1,1,smallAI,7.02399999999761
bin,1,1,largeAI,10.7950000000019
bin,1,1,NAI,5.28700000000026
bin,1,1,consisAI,5.35199999999895
bin,1,1,smallAI,8.50600000000122
bin,1,1,largeAI,22.6759999999995
bin,1,1,NAI,9.01100000000224
bin,1,1,consisAI,5.5679999999993
bin,1,1,smallAI,6.44800000000032
bin,1,1,largeAI,15.4149999999972
bin,1,1,NAI,9.10599999999977
bin,1,1,consisAI,7.72200000000157
bin,1,1,smallAI,6.25699999999779
bin,1,1,largeAI,22.3909999999996
bin,1,1,NAI,10.8119999999981
bin,1,1,consisAI,7.37100000000282
bin,1,1,smallAI,5.50200000000041
bin,1,1,largeAI,20.7309999999998
bin,1,1,NAI,11.4670000000006
bin,1,1,consisAI,3.65800000000309
bin,1,1,smallAI,5.95600000000195
bin,1,1,largeAI,20.982
bin,1,1,NAI,8.79000000000087
bin,1,1,consisAI,6.18899999999849
bin,1,1,smallAI,9.67399999999907
bin,1,1,largeAI,16.3479999999981
bin,1,1,NAI,7.7410000000018
bin,1,1,consisAI,6.48500000000058
bin,1,1,smallAI,8.93899999999849
bin,1,1,largeAI,10.0149999999994
bin,1,1,NAI,6.24099999999817
bin,1,1,consisAI,6.63900000000285
bin,1,1,smallAI,7.1830000000009
bin,1,1,largeAI,9.66400000000067
bin,1,1,NAI,4.47999999999956
bin,1,1,consisAI,5.37800000000061
bin,1,1,smallAI,8.36199999999735
bin,1,1,largeAI,13.6699999999983
bin,1,1,NAI,4.8760000000002
bin,1,1,consisAI,7.71099999999933
bin,1,1,smallAI,12.4269999999997
bin,1,1,largeAI,15.6399999999994
bin,1,1,NAI,10.1830000000009
bin,1,0,consisAI,4.95400000000154
bin,1,1,smallAI,9.6260000000002
bin,1,1,largeAI,16.5119999999988
bin,1,1,NAI,10.4320000000007
bin,1,1,consisAI,5.20500000000175
bin,1,1,smallAI,9.52100000000064
bin,1,1,largeAI,17.7639999999992
bin,1,1,NAI,9.02600000000166
bin,1,1,consisAI,9.14600000000064
bin,1,1,smallAI,4.79299999999785
bin,1,1,largeAI,12.8149999999987
bin,1,0,NAI,2.48599999999715
bin,1,1,consisAI,5.11200000000099
bin,1,1,smallAI,7.38000000000102
bin,1,1,largeAI,19.7089999999989
bin,1,1,NAI,7.01200000000244
bin,1,1,consisAI,10.244999999999
bin,1,1,smallAI,5.74700000000303
bin,1,1,largeAI,17.8339999999989
bin,1,1,NAI,8.270999999997
bin,1,1,consisAI,8.16900000000169
bin,1,1,smallAI,6.50600000000122
bin,1,1,largeAI,13.7410000000018
bin,1,1,NAI,4.74300000000221
bin,1,1,consisAI,4.22499999999854
bin,1,1,smallAI,7.89400000000023
bin,1,1,largeAI,19.244999999999
bin,1,0,NAI,3.91800000000148
bin,1,1,consisAI,7.68800000000192
bin,1,1,smallAI,10.7649999999994
bin,1,1,largeAI,19.6460000000006
bin,1,1,NAI,4.38300000000163
bin,1,1,consisAI,5.17599999999948
bin,1,1,smallAI,6.95899999999892
bin,1,1,largeAI,9.19399999999951
bin,1,1,NAI,8.7960000000021
bin,1,1,consisAI,7.57099999999991
bin,1,1,smallAI,11.8780000000006
bin,1,1,largeAI,9.98799999999756
bin,1,1,NAI,5.15299999999843
bin,1,0,consisAI,1.84700000000157
bin,1,1,smallAI,7.90899999999965
bin,1,1,largeAI,15.4060000000027
bin,1,1,NAI,8.7510000000002
bin,1,1,consisAI,6.37099999999919
bin,1,1,smallAI,8.78600000000006
bin,1,1,largeAI,10.3600000000006
bin,1,1,NAI,6.31700000000274
bin,1,1,consisAI,5.25699999999779
bin,1,1,smallAI,8.66500000000087
bin,1,1,largeAI,19.6879999999983
bin,1,1,NAI,6.03100000000268
bin,1,1,consisAI,7.25600000000122
bin,1,1,smallAI,9.40200000000186
bin,1,1,largeAI,15.112000000001
bin,1,1,NAI,12.0429999999978
bin,1,1,consisAI,5.85300000000279
bin,1,1,smallAI,7.96900000000096
bin,1,1,largeAI,16.4330000000009
bin,1,1,NAI,5.86000000000058
bin,1,1,consisAI,3.88500000000204
bin,1,1,smallAI,8.23099999999977
bin,1,1,largeAI,19.755000000001
bin,1,1,NAI,9.55600000000049
bin,1,1,consisAI,7.08499999999913
bin,1,1,smallAI,6.30299999999988
bin,1,1,largeAI,20.5270000000019
bin,1,1,NAI,11.8860000000022
bin,1,1,consisAI,3.45100000000093
bin,1,1,smallAI,8.03399999999965
bin,1,0.363636363636364,largeAI,12.0099999999984
bin,1,1,NAI,9.37800000000061
bin,1,1,consisAI,8.09200000000055
bin,1,1,smallAI,8.10599999999977
bin,1,1,largeAI,14.3680000000022
bin,1,1,NAI,4.7489999999998
bin,1,1,consisAI,4.42399999999907
bin,1,1,smallAI,7.88300000000163
bin,1,1,largeAI,19.8729999999996
bin,1,1,NAI,10.5720000000001
bin,1,1,consisAI,5.81400000000212
bin,1,1,smallAI,5.92000000000189
bin,1,1,largeAI,18.4149999999972
bin,1,1,NAI,6.94799999999668
bin,1,1,consisAI,9.21099999999933
bin,1,1,smallAI,6.9320000000007
bin,1,1,largeAI,17.482
bin,1,1,NAI,7.66599999999744
bin,1,1,consisAI,7.56100000000151
bin,1,1,smallAI,8.32599999999729
bin,1,1,largeAI,10.1810000000005
bin,1,1,NAI,5.91400000000067
bin,1,1,consisAI,6.51000000000204
bin,1,1,smallAI,9.54799999999886
bin,1,1,largeAI,18.9460000000036
bin,1,1,NAI,9.49599999999919
bin,1,1,consisAI,10.2160000000003
bin,1,1,smallAI,7.02500000000146
bin,1,1,largeAI,15.8130000000019
bin,1,1,NAI,4.63099999999758
bin,1,1,consisAI,5.6820000000007
bin,1,1,smallAI,8.3289999999979
bin,1,1,largeAI,17.4889999999978
bin,1,1,NAI,10.1610000000001
bin,1,1,consisAI,7.6260000000002
bin,1,1,smallAI,7.59699999999793
bin,1,1,largeAI,19.9099999999999
bin,1,1,NAI,8.45300000000134
bin,1,1,consisAI,7.46199999999953
bin,1,1,smallAI,6.49700000000303
bin,1,1,largeAI,9.59899999999834
bin,1,1,NAI,8.06299999999828
bin,1,1,consisAI,9.8080000000009
bin,1,1,smallAI,9.09199999999691
bin,1,1,largeAI,23.2880000000005
bin,1,1,NAI,11.1270000000004
bin,1,1,consisAI,4.99799999999959
bin,1,1,smallAI,6.84899999999834
bin,1,1,largeAI,19.1080000000002
bin,1,1,NAI,8.68000000000029
bin,1,1,consisAI,7.30299999999988
bin,1,1,smallAI,5.8080000000009
bin,1,1,largeAI,15.630000000001
bin,1,1,NAI,8.35999999999694
bin,1,1,consisAI,6.92000000000189
bin,1,1,smallAI,9.22700000000259
bin,1,1,largeAI,11.7400000000016
bin,1,1,NAI,4.27600000000166
bin,1,1,consisAI,4.09399999999732
bin,1,1,smallAI,8.90899999999965
bin,1,1,largeAI,22.3430000000008
bin,1,1,NAI,9.60900000000038
bin,1,1,consisAI,3.57200000000012
bin,1,0.837209302325581,smallAI,6.45000000000073
bin,1,1,largeAI,9.7489999999998
bin,1,1,NAI,4.75300000000061
bin,1,1,consisAI,5.45400000000154
bin,1,1,smallAI,7.54999999999927
bin,1,1,largeAI,17.1610000000001
bin,1,1,NAI,7.72299999999814
bin,1,1,consisAI,6.31599999999889
bin,1,1,smallAI,7.59999999999854
bin,1,1,largeAI,15.1209999999992
bin,1,1,NAI,7.37099999999919
bin,1,1,consisAI,8.3070000000007
bin,1,1,smallAI,7.72699999999895
bin,1,1,largeAI,10.0110000000022
bin,1,1,NAI,4.47699999999895
bin,1,0,consisAI,2.08299999999872
bin,1,1,smallAI,8.10800000000017
bin,1,1,largeAI,22.5960000000014
bin,1,1,NAI,8.83100000000195
bin,1,1,consisAI,4.9320000000007
bin,1,1,smallAI,8.06000000000131
bin,1,1,largeAI,11.5349999999999
bin,1,1,NAI,5.20800000000236
bin,1,1,consisAI,4.15899999999965
bin,1,1,smallAI,8.6349999999984
bin,1,1,largeAI,21.8760000000002
bin,1,1,NAI,7.5089999999982
bin,1,1,consisAI,7.69499999999971
bin,1,0.837209302325581,smallAI,7.20300000000134
bin,1,1,largeAI,17.155999999999
bin,1,1,NAI,10.4830000000002
bin,1,1,consisAI,7.93000000000029
bin,1,1,smallAI,5.39400000000023
bin,0.983226974646172,1,largeAI,19.1689999999981
bin,0.983226974646172,1,NAI,6.77199999999721
bin,0.983226974646172,1,consisAI,5.31600000000253
bin,0.983226974646172,1,smallAI,7.05099999999948
bin,1,1,largeAI,20.9150000000009
bin,1,1,NAI,7.24699999999939
bin,1,1,consisAI,7.64199999999983
bin,1,1,smallAI,7.3760000000002
bin,1,1,largeAI,16.3799999999974
bin,1,1,NAI,7.05199999999968
bin,1,1,consisAI,10.7299999999996
bin,1,1,smallAI,5.35900000000038
bin,1,1,largeAI,18.0319999999992
bin,1,1,NAI,5.82200000000012
bin,1,0,consisAI,6.01599999999962
bin,1,1,smallAI,9.90499999999884
bin,1,1,largeAI,20.5679999999993
bin,1,1,NAI,8.02500000000146
bin,1,0,consisAI,3.43999999999869
bin,1,1,smallAI,9.05600000000049
bin,1,1,largeAI,11.1000000000022
bin,1,1,NAI,6.24399999999878
bin,1,1,consisAI,6.1349999999984
bin,1,1,smallAI,7.56200000000172
bin,1,1,largeAI,10.2330000000002
bin,1,1,NAI,4.36700000000201
bin,1,1,consisAI,6.10900000000038
bin,1,1,smallAI,14.1800000000003
bin,1,1,largeAI,21.7880000000005
bin,1,1,NAI,9.18400000000111
bin,1,1,consisAI,5.30500000000029
bin,1,1,smallAI,7.4890000000014
bin,1,1,largeAI,11.5450000000019
bin,1,1,NAI,5.27800000000207
bin,1,1,consisAI,5.72899999999936
bin,1,0.837209302325581,smallAI,7.63699999999881
bin,1,1,largeAI,22.3230000000003
bin,1,1,NAI,10.137999999999
bin,1,1,consisAI,4.85699999999997
bin,1,1,smallAI,9.59900000000198
bin,1,1,largeAI,11.3780000000006
bin,1,1,NAI,4.55699999999706
bin,1,1,consisAI,5.74299999999857
bin,1,1,smallAI,7.86299999999756
bin,1,1,largeAI,21.0329999999994
bin,1,1,NAI,9.8080000000009
bin,1,1,consisAI,4.51399999999921
bin,1,1,smallAI,9.35399999999936
bin,1,1,largeAI,15.7619999999988
bin,1,1,NAI,8.33699999999953
bin,1,1,consisAI,9.66799999999785
bin,1,1,smallAI,7.5010000000002
bin,1,1,largeAI,14.1620000000003
bin,1,1,NAI,8.14899999999761
bin,1,1,consisAI,8.82600000000093
bin,1,1,smallAI,8.22000000000116
bin,1,1,largeAI,16.5499999999993
bin,1,1,NAI,7.36199999999735
bin,1,1,consisAI,7.59300000000076
bin,1,1,smallAI,8.35800000000017
bin,1,1,largeAI,21.5730000000003
bin,1,1,NAI,9.44599999999991
bin,1,1,consisAI,4.98800000000119
bin,1,1,smallAI,6.21099999999933
bin,1,1,largeAI,10.1169999999984
bin,1,1,NAI,5.52700000000186
bin,1,1,consisAI,5.28499999999985
bin,1,1,smallAI,8.57900000000154
gau,0.983226974646172,1,largeAI,7.66200000000026
gau,0.983226974646172,1,NAI,2.40400000000045
gau,0.983226974646172,1,consisAI,2.29999999999927
gau,0.983226974646172,1,smallAI,2.64999999999964
gau,1,1,largeAI,4.64300000000003
gau,1,0,NAI,3.01100000000042
gau,1,1,consisAI,7.27700000000004
gau,1,1,smallAI,5.38999999999942
gau,1,1,largeAI,5.04800000000068
gau,1,1,NAI,1.996000000001
gau,1,1,consisAI,2.31999999999971
gau,1,1,smallAI,3.81800000000112
gau,1,1,largeAI,5.00300000000061
gau,1,1,NAI,3.69900000000052
gau,1,1,consisAI,5.98999999999978
gau,1,1,smallAI,4.46100000000115
gau,1,1,largeAI,7.84799999999996
gau,1,1,NAI,3.14899999999943
gau,1,1,consisAI,2.35299999999916
gau,1,1,smallAI,2.41499999999905
gau,1,1,largeAI,8.9429999999993
gau,1,1,NAI,2.37099999999919
gau,1,1,consisAI,2.78200000000106
gau,1,0.837209302325581,smallAI,3.03900000000067
gau,1,1,largeAI,5.42100000000028
gau,1,1,NAI,4.54200000000128
gau,1,1,consisAI,3.59299999999894
gau,1,0.837209302325581,smallAI,1.84499999999935
gau,1,1,largeAI,8.92399999999907
gau,1,0,NAI,4.78900000000067
gau,1,1,consisAI,3.92900000000009
gau,1,1,smallAI,1.64199999999983
gau,0.983226974646172,1,largeAI,6.04299999999967
gau,0.983226974646172,0,NAI,3.0679999999993
gau,0.983226974646172,1,consisAI,5.41799999999967
gau,0.983226974646172,1,smallAI,2.89599999999882
gau,1,1,largeAI,4.45399999999972
gau,1,1,NAI,2.25600000000122
gau,1,0,consisAI,5.71600000000035
gau,1,1,smallAI,4.38100000000122
gau,1,1,largeAI,6.78499999999985
gau,1,1,NAI,3.5630000000001
gau,1,1,consisAI,3.63600000000224
gau,1,1,smallAI,2.86399999999776
gau,1,1,largeAI,6.77199999999903
gau,1,1,NAI,6.09699999999975
gau,1,0,consisAI,4.48300000000017
gau,1,1,smallAI,2.69599999999991
gau,1,1,largeAI,4.37700000000041
gau,1,0,NAI,2.26200000000063
gau,1,1,consisAI,7.34400000000096
gau,1,1,smallAI,3.47999999999956
gau,1,1,largeAI,7.71299999999974
gau,1,1,NAI,3.47000000000116
gau,1,1,consisAI,4.02100000000064
gau,1,1,smallAI,1.86999999999898
gau,1,1,largeAI,7.7559999999994
gau,1,1,NAI,3.47200000000157
gau,1,1,consisAI,4.47000000000116
gau,1,1,smallAI,2.64199999999983
gau,1,1,largeAI,8.7489999999998
gau,1,1,NAI,3.09400000000096
gau,1,1,consisAI,4.9900000000016
gau,1,1,smallAI,2.66700000000128
gau,1,1,largeAI,7.80000000000109
gau,1,1,NAI,5.02600000000166
gau,1,1,consisAI,4.62899999999718
gau,1,1,smallAI,1.65300000000207
gau,1,1,largeAI,6.06800000000112
gau,1,1,NAI,2.50700000000143
gau,1,1,consisAI,4.06199999999808
gau,1,1,smallAI,2.73099999999977
gau,1,1,largeAI,8.56000000000131
gau,1,1,NAI,4.19100000000071
gau,1,1,consisAI,5.10199999999895
gau,1,1,smallAI,3.26699999999983
gau,0.983226974646172,1,largeAI,4.83100000000013
gau,0.983226974646172,0,NAI,2.67500000000109
gau,0.983226974646172,0,consisAI,2.3130000000001
gau,0.983226974646172,1,smallAI,3.55500000000029
gau,1,1,largeAI,7.37700000000041
gau,1,1,NAI,4.5010000000002
gau,1,1,consisAI,1.74099999999817
gau,1,0.837209302325581,smallAI,2.6339999999982
gau,1,1,largeAI,6.40499999999884
gau,1,0,NAI,4.75300000000061
gau,1,1,consisAI,2.93100000000049
gau,1,1,smallAI,1.89600000000064
gau,1,1,largeAI,8.15300000000207
gau,1,1,NAI,4.71600000000035
gau,1,1,consisAI,2.72099999999773
gau,1,1,smallAI,2.40599999999904
gau,1,1,largeAI,6.8859999999986
gau,1,1,NAI,3.84600000000137
gau,1,1,consisAI,3.1820000000007
gau,1,1,smallAI,2.96800000000076
gau,0.983226974646172,1,largeAI,4.22799999999916
gau,0.983226974646172,1,NAI,3.34099999999671
gau,0.983226974646172,1,consisAI,3.04799999999886
gau,0.983226974646172,1,smallAI,4.16200000000026
gau,1,1,largeAI,4.25900000000183
gau,1,0,NAI,2.15599999999904
gau,1,1,consisAI,3.32400000000052
gau,1,1,smallAI,3.81400000000212
gau,1,1,largeAI,7.34100000000035
gau,1,1,NAI,4.20200000000114
gau,1,1,consisAI,3.23999999999796
gau,1,1,smallAI,2.11100000000079
gau,1,1,largeAI,4.60599999999977
gau,1,0,NAI,2.15999999999985
gau,1,1,consisAI,2.23099999999977
gau,1,1,smallAI,4.20300000000134
gau,1,1,largeAI,7.31599999999889
gau,1,0,NAI,3.63300000000163
gau,1,1,consisAI,2.30600000000049
gau,1,1,smallAI,2.53199999999924
gau,1,1,largeAI,6.66600000000108
gau,1,1,NAI,4.18100000000049
gau,1,1,consisAI,2.69599999999991
gau,1,1,smallAI,2.82000000000335
gau,1,1,largeAI,8.6150000000016
gau,1,0,NAI,4.25900000000183
gau,1,1,consisAI,2.56199999999808
gau,1,1,smallAI,1.91500000000087
gau,1,1,largeAI,4.79299999999785
gau,1,1,NAI,1.91699999999764
gau,1,1,consisAI,2.40399999999863
gau,1,1,smallAI,3.8660000000018
gau,1,1,largeAI,4.89700000000084
gau,1,0,NAI,3.14300000000003
gau,1,1,consisAI,2.28900000000067
gau,1,1,smallAI,4.33699999999953
gau,1,1,largeAI,7.88600000000224
gau,1,1,NAI,4.39199999999983
gau,1,1,consisAI,1.83899999999994
gau,1,1,smallAI,2.57700000000114
gau,1,1,largeAI,6.44700000000012
gau,1,0,NAI,4.41699999999764
gau,1,1,consisAI,3.0089999999982
gau,1,1,smallAI,2.31099999999788
gau,1,1,largeAI,6.91700000000128
gau,1,1,NAI,3.94400000000314
gau,1,1,consisAI,4.39700000000084
gau,1,1,smallAI,1.92599999999948
gau,1,1,largeAI,6.86899999999878
gau,1,1,NAI,2.020999999997
gau,1,1,consisAI,1.1160000000018
gau,1,1,smallAI,2.75599999999758
gau,1,1,largeAI,7.68000000000029
gau,1,1,NAI,3.76599999999962
gau,1,1,consisAI,2.4230000000025
gau,1,1,smallAI,1.96399999999994
gau,1,1,largeAI,6.84799999999814
gau,1,1,NAI,3.87299999999959
gau,1,1,consisAI,3.87000000000262
gau,1,1,smallAI,5.14699999999721
gau,1,1,largeAI,4.80300000000352
gau,1,1,NAI,2.24599999999919
gau,1,1,consisAI,2.33400000000256
gau,1,1,smallAI,3.45200000000114
gau,1,1,largeAI,6.31400000000212
gau,1,0,NAI,3.65699999999924
gau,1,0,consisAI,3.63099999999758
gau,1,1,smallAI,1.91200000000026
gau,1,1,largeAI,7.14099999999962
gau,1,1,NAI,3.15699999999924
gau,1,1,consisAI,5.38300000000163
gau,1,1,smallAI,2.82200000000012
gau,1,1,largeAI,5.16899999999805
gau,1,1,NAI,2.64999999999782
gau,1,1,consisAI,3.46299999999974
gau,1,1,smallAI,4.41100000000006
gau,1,1,largeAI,4.57400000000052
gau,1,1,NAI,2.77899999999863
gau,1,0,consisAI,3.7599999999984
gau,1,1,smallAI,3.98300000000017
gau,1,1,largeAI,7.79500000000189
gau,1,1,NAI,4.69000000000233
gau,1,0,consisAI,2.47100000000137
gau,1,1,smallAI,4.39999999999782
gau,0.983226974646172,1,largeAI,4.7410000000018
gau,0.983226974646172,1,NAI,2.73599999999715
gau,0.983226974646172,1,consisAI,4.70100000000093
gau,0.983226974646172,1,smallAI,6.28499999999985
gau,1,1,largeAI,7.43699999999808
gau,1,1,NAI,5.25600000000122
gau,1,1,consisAI,3.27900000000227
gau,1,1,smallAI,1.93599999999788
gau,1,1,largeAI,8.04000000000087
gau,1,1,NAI,5.33299999999872
gau,1,1,consisAI,2.48300000000017
gau,1,1,smallAI,4.10800000000017
gau,1,1,largeAI,5.99799999999959
gau,1,1,NAI,3.69100000000253
gau,1,1,consisAI,3.770999999997
gau,1,1,smallAI,2.82600000000093
gau,1,1,largeAI,7.16100000000006
gau,1,1,NAI,3.44499999999971
gau,1,1,consisAI,3.22499999999854
gau,1,1,smallAI,2.52299999999741
gau,1,1,largeAI,5.80299999999988
gau,1,0,NAI,4.14199999999983
gau,1,0,consisAI,2.9989999999998
gau,1,1,smallAI,3.81099999999788
gau,1,1,largeAI,5.79299999999785
gau,1,1,NAI,3.18799999999828
gau,1,1,consisAI,2.14600000000064
gau,1,1,smallAI,4.25500000000102
gau,1,1,largeAI,6.83799999999974
gau,1,1,NAI,5.62300000000323
gau,1,1,consisAI,4.22499999999854
gau,1,1,smallAI,2.01599999999962
gau,1,1,largeAI,6.69599999999991
gau,1,1,NAI,4.75600000000122
gau,1,1,consisAI,5.27000000000044
gau,1,1,smallAI,3.8279999999977
gau,1,1,largeAI,7.13700000000244
gau,1,1,NAI,3.99599999999919
gau,1,1,consisAI,6.16499999999724
gau,1,1,smallAI,3.16899999999805
gau,1,1,largeAI,5.0669999999991
gau,1,1,NAI,3.03600000000006
gau,1,1,consisAI,3.72799999999916
gau,1,1,smallAI,2.71900000000096
gau,1,1,largeAI,6.73800000000119
gau,1,0,NAI,4.21099999999933
gau,1,1,consisAI,5.8080000000009
gau,1,1,smallAI,2.57400000000052
gau,1,1,largeAI,6.21999999999753
gau,1,0,NAI,4.19499999999971
gau,1,0,consisAI,6.14199999999983
gau,1,1,smallAI,2.78700000000026
gau,1,1,largeAI,6.69399999999951
gau,1,0,NAI,4.09499999999753
gau,1,1,consisAI,4.71500000000015
gau,1,1,smallAI,2.94300000000294
gau,1,1,largeAI,6.52200000000084
gau,1,0,NAI,6.09200000000055
gau,1,1,consisAI,2.92299999999886
gau,1,1,smallAI,4.43600000000151
gau,1,1,largeAI,4.36699999999837
gau,1,1,NAI,2.37800000000061
gau,1,1,consisAI,2.27000000000044
gau,1,1,smallAI,4.15099999999802
gau,1,1,largeAI,7.99699999999939
gau,1,1,NAI,4.8179999999993
gau,1,1,consisAI,3.25299999999697
gau,1,1,smallAI,2.46299999999974
gau,1,1,largeAI,8.09300000000076
gau,1,0,NAI,4.2400000000016
gau,1,1,consisAI,2.47299999999814
gau,1,1,smallAI,1.81300000000192
gau,1,1,largeAI,7.71500000000015
gau,1,1,NAI,4.04999999999927
gau,1,1,consisAI,3.38299999999799
gau,1,1,smallAI,2.10800000000017
gau,1,1,largeAI,9.0010000000002
gau,1,1,NAI,5.85999999999694
gau,1,1,consisAI,4.09700000000157
gau,1,1,smallAI,1.69100000000253
gau,1,1,largeAI,9.72999999999956
gau,1,1,NAI,3.53099999999904
gau,1,1,consisAI,3.14400000000023
gau,1,1,smallAI,2.46299999999974
gau,1,1,largeAI,3.90100000000166
gau,1,1,NAI,2.14600000000064
gau,1,1,consisAI,2.16500000000087
gau,1,1,smallAI,3.36100000000079
gau,1,1,largeAI,5.28199999999924
gau,1,0,NAI,2.40599999999904
gau,1,1,consisAI,2.92699999999968
gau,1,1,smallAI,3.88000000000102
gau,1,1,largeAI,7.40299999999843
gau,1,0,NAI,5.27300000000105
gau,1,1,consisAI,2.90399999999863
gau,1,1,smallAI,2.81599999999889
gau,1,0.837209302325581,largeAI,7.46299999999974
gau,1,1,NAI,4.79699999999866
gau,1,1,consisAI,3.60399999999936
gau,1,0.837209302325581,smallAI,3.27100000000064
gau,1,1,largeAI,7.29000000000087
gau,1,1,NAI,1.86200000000099
gau,1,1,consisAI,3.34700000000157
gau,1,1,smallAI,3.87899999999718
gau,1,1,largeAI,5.48099999999977
gau,1,0,NAI,7.4989999999998
gau,1,1,consisAI,3.52999999999884
gau,1,1,smallAI,2.38200000000143
gau,1,1,largeAI,6.17199999999866
gau,1,1,NAI,5.65899999999965
gau,1,1,consisAI,3.27000000000044
gau,1,1,smallAI,2.84200000000055
gau,1,1,largeAI,6.85699999999997
gau,1,1,NAI,3.97100000000137
gau,1,1,consisAI,3.64600000000064
gau,1,1,smallAI,3.06299999999828
gau,1,1,largeAI,8.24399999999878
gau,1,1,NAI,4.22300000000178
gau,1,1,consisAI,2.44900000000052
gau,1,1,smallAI,3.53099999999904
gau,1,1,largeAI,7.54300000000148
gau,1,0,NAI,5.64199999999983
gau,1,1,consisAI,2.70300000000134
gau,1,1,smallAI,2.84899999999834
gau,1,1,largeAI,8.0769999999975
gau,1,1,NAI,3.9539999999979
gau,1,1,consisAI,3.37800000000061
gau,1,1,smallAI,1.99799999999959
gau,1,1,largeAI,4.78000000000247
gau,1,1,NAI,2.12100000000282
gau,1,1,consisAI,2.4800000000032
gau,1,1,smallAI,3.729000000003
gau,0.983226974646172,1,largeAI,5.1160000000018
gau,0.983226974646172,1,NAI,2.68699999999808
gau,0.983226974646172,0,consisAI,2.93500000000131
gau,0.983226974646172,1,smallAI,3.64800000000105
gau,1,1,largeAI,4.28099999999904
gau,1,1,NAI,4.47300000000178
gau,1,1,consisAI,3.04699999999866
gau,1,1,smallAI,3.74399999999878
gau,1,1,largeAI,4.74499999999898
gau,1,1,NAI,1.89900000000125
gau,1,1,consisAI,2.17400000000271
gau,1,0.837209302325581,smallAI,4.03099999999904
gau,1,1,largeAI,6.65600000000268
gau,1,0,NAI,4.75800000000163
gau,1,1,consisAI,5.99699999999939
gau,1,1,smallAI,1.69399999999951
gau,1,1,largeAI,5.43399999999747
gau,1,1,NAI,2.11999999999898
gau,1,1,consisAI,2.22300000000178
gau,1,1,smallAI,4.46900000000096
gau,1,1,largeAI,8.14700000000084
gau,1,1,NAI,2.56399999999849
gau,1,1,consisAI,2.85299999999916
gau,1,1,smallAI,3.5669999999991
gau,1,1,largeAI,6.27300000000105
gau,1,1,NAI,4.58699999999953
gau,1,1,consisAI,3.08099999999831
gau,1,1,smallAI,1.92699999999968
gau,1,1,largeAI,7.34300000000076
gau,1,1,NAI,4.71299999999974
gau,1,1,consisAI,2.75900000000183
gau,1,1,smallAI,2.86200000000099
gau,1,1,largeAI,4.270999999997
gau,1,1,NAI,2.95000000000073
gau,1,1,consisAI,4.45999999999913
gau,1,0.837209302325581,smallAI,4.82200000000012
gau,1,1,largeAI,5.34200000000055
gau,1,1,NAI,4.73400000000038
gau,1,1,consisAI,5.72899999999936
gau,1,1,smallAI,2.46299999999974
gau,1,1,largeAI,8.33399999999892
gau,1,0,NAI,3.75
gau,1,0,consisAI,4.98799999999756
gau,1,1,smallAI,1.79999999999927
gau,1,1,largeAI,5.98199999999997
gau,1,1,NAI,3.55900000000111
gau,1,1,consisAI,2.47100000000137
gau,1,0.837209302325581,smallAI,4.40299999999843
gau,1,1,largeAI,6.02700000000186
gau,1,0,NAI,2.43899999999849
gau,1,1,consisAI,3.71600000000035
gau,1,1,smallAI,2.57099999999991
gau,1,1,largeAI,4.74699999999939
gau,1,1,NAI,2.93400000000111
gau,1,1,consisAI,4.875
gau,1,1,smallAI,4.58899999999994
gau,1,1,largeAI,8.74599999999919
gau,1,1,NAI,2.09200000000055
gau,1,1,consisAI,4.19700000000012
gau,1,1,smallAI,2.67599999999948
gau,1,1,largeAI,6.00300000000061
gau,1,1,NAI,3.76499999999942
gau,1,1,consisAI,2.5099999999984
gau,1,1,smallAI,2.46799999999712
gau,1,1,largeAI,4.92599999999948
gau,1,1,NAI,2.63500000000204
gau,1,1,consisAI,1.4429999999993
gau,1,0.837209302325581,smallAI,5.55500000000029
gau,1,1,largeAI,8.20000000000073
gau,1,1,NAI,3.90199999999822
gau,1,1,consisAI,4.32400000000052
gau,1,1,smallAI,2.61300000000119
gau,1,1,largeAI,8.51500000000306
gau,1,1,NAI,5.02699999999822
gau,1,0,consisAI,2.34999999999854
gau,1,1,smallAI,1.66400000000067
gau,1,1,largeAI,8.93599999999788
gau,1,0,NAI,3.94599999999991
gau,1,1,consisAI,3.6349999999984
gau,1,0.837209302325581,smallAI,2.4220000000023
gau,1,1,largeAI,4.69800000000032
gau,1,1,NAI,2.71399999999994
gau,1,1,consisAI,1.99400000000242
gau,1,1,smallAI,4.65699999999924
gau,1,1,largeAI,5.86799999999857
gau,1,1,NAI,4.91100000000006
gau,1,1,consisAI,3.60100000000239
gau,1,1,smallAI,2
gau,1,1,largeAI,4.42299999999886
gau,1,1,NAI,1.82600000000093
gau,1,1,consisAI,1.8839999999982
gau,1,1,smallAI,3.91600000000108
gau,1,1,largeAI,8.03600000000006
gau,1,1,NAI,4.06800000000294
gau,1,1,consisAI,4.31299999999828
gau,1,1,smallAI,1.89300000000003
gau,1,1,largeAI,6.57800000000134
gau,1,1,NAI,3.73700000000099
gau,1,1,consisAI,4.7019999999975
gau,1,1,smallAI,3.12700000000041
gau,1,1,largeAI,7.40400000000227
gau,1,1,NAI,3.38699999999881
gau,1,1,consisAI,3.125
gau,1,0.631578947368421,smallAI,3.41800000000148
gau,1,1,largeAI,5.89400000000023
gau,1,1,NAI,3.4429999999993
gau,1,1,consisAI,4.71500000000015
gau,1,1,smallAI,3.51599999999962
gau,1,1,largeAI,6.09000000000015
gau,1,1,NAI,4.83399999999892
gau,1,1,consisAI,3.92000000000189
gau,1,1,smallAI,3.40699999999924
gau,1,1,largeAI,7.01300000000265
gau,1,0,NAI,2.76599999999962
gau,1,0,consisAI,2.84000000000015
gau,1,1,smallAI,2.42399999999907
gau,1,1,largeAI,6.96900000000096
gau,1,1,NAI,4.7970000000023
gau,1,1,consisAI,1.40499999999884
gau,1,1,smallAI,4.46200000000317
gau,1,1,largeAI,4.91100000000006
gau,1,1,NAI,2.91800000000148
gau,1,1,consisAI,2.17099999999846
gau,1,1,smallAI,3.41400000000067
gau,1,1,largeAI,8.16200000000026
gau,1,0,NAI,4.02200000000084
gau,1,1,consisAI,3.04899999999907
gau,1,1,smallAI,1.89899999999761
gau,1,1,largeAI,4.15699999999924
gau,1,0,NAI,2.49099999999817
gau,1,1,consisAI,2.44700000000012
gau,1,1,smallAI,3.82400000000052
gau,1,1,largeAI,5.94000000000233
gau,1,1,NAI,4.06000000000131
gau,1,0,consisAI,1.80199999999968
gau,1,0.837209302325581,smallAI,3.98199999999997
gau,1,1,largeAI,4.13999999999942
gau,1,1,NAI,2.78199999999924
gau,1,0,consisAI,2.5769999999975
gau,1,1,smallAI,4.66500000000087
gau,0.983226974646172,1,largeAI,8.53799999999683
gau,0.983226974646172,0,NAI,3.79200000000128
gau,0.983226974646172,0,consisAI,5.06100000000151
gau,0.983226974646172,1,smallAI,2.73300000000017
gau,1,1,largeAI,8.49699999999939
gau,1,1,NAI,4.70599999999831
gau,1,1,consisAI,4.71199999999953
gau,1,1,smallAI,2.65700000000288
gau,1,1,largeAI,6.43000000000029
gau,1,1,NAI,5.04799999999886
gau,1,1,consisAI,3.41200000000026
gau,1,1,smallAI,2.09399999999732
gau,1,1,largeAI,7.38000000000102
gau,1,0,NAI,4.43500000000131
gau,1,1,consisAI,2.20200000000114
gau,1,1,smallAI,2.58799999999974
gau,1,1,largeAI,6.69599999999991
gau,1,0,NAI,5.63300000000163
gau,1,1,consisAI,3.72399999999834
gau,1,1,smallAI,2.05000000000291
gau,1,1,largeAI,8.74599999999919
gau,1,1,NAI,2.57500000000073
gau,1,1,consisAI,2.70099999999729
gau,1,1,smallAI,5.59699999999793
gau,1,1,largeAI,3.87099999999919
gau,1,0,NAI,2.85000000000218
gau,1,1,consisAI,3.4220000000023
gau,1,1,smallAI,2.35800000000017
gau,1,1,largeAI,5.10199999999895
gau,1,0,NAI,3.65599999999904
gau,1,1,consisAI,4.11100000000079
gau,1,1,smallAI,4.71799999999712
gau,1,1,largeAI,6.11299999999756
gau,1,1,NAI,4.0789999999979
gau,1,1,consisAI,2.73800000000119
gau,1,1,smallAI,3.85199999999895
gau,1,1,largeAI,4.14199999999983
gau,1,1,NAI,3.54000000000087
gau,1,1,consisAI,5.01300000000265
gau,1,1,smallAI,2.75699999999779
gau,1,1,largeAI,6.64300000000003
gau,1,1,NAI,5.31999999999971
gau,1,1,consisAI,3.06100000000151
gau,1,1,smallAI,2.8739999999998
gau,1,1,largeAI,7.18699999999808
gau,1,1,NAI,4.99399999999878
gau,1,0,consisAI,3.84900000000198
gau,1,1,smallAI,2.36199999999735
gau,1,1,largeAI,6.91300000000047
gau,1,1,NAI,5.22199999999793
gau,1,1,consisAI,4.64500000000044
gau,1,1,smallAI,1.94099999999889
gau,1,1,largeAI,4.59800000000178
gau,1,1,NAI,2.73599999999715
gau,1,1,consisAI,2.95000000000073
gau,1,1,smallAI,3.94899999999689
gau,1,1,largeAI,6.93600000000151
gau,1,0,NAI,3.67799999999988
gau,1,0,consisAI,3.83699999999953
gau,1,1,smallAI,1.60199999999895
gau,1,1,largeAI,5.81800000000294
gau,1,1,NAI,4.43100000000049
gau,1,1,consisAI,3.31499999999869
gau,1,1,smallAI,1.86100000000079
gau,1,0.837209302325581,largeAI,5.91799999999785
gau,1,1,NAI,2.30299999999988
gau,1,1,consisAI,2.4320000000007
gau,1,0.837209302325581,smallAI,3.54499999999825
gau,1,1,largeAI,6.80600000000049
gau,1,0,NAI,6.45300000000134
gau,1,1,consisAI,1.50499999999738
gau,1,1,smallAI,3.69900000000052
gau,1,1,largeAI,4.0679999999993
gau,1,0,NAI,3.04599999999846
gau,1,1,consisAI,2.31400000000212
gau,1,1,smallAI,4.10699999999997
gau,1,1,largeAI,7.38999999999942
gau,1,1,NAI,4.56400000000212
gau,1,1,consisAI,3.92299999999886
gau,1,1,smallAI,1.75500000000102
gau,1,1,largeAI,7.0789999999979
gau,1,0,NAI,5.45499999999811
gau,1,1,consisAI,2.91299999999683
gau,1,1,smallAI,2.78100000000268
gau,1,1,largeAI,8.76000000000204
gau,1,1,NAI,3.77899999999863
gau,1,0,consisAI,2.96900000000096
gau,1,1,smallAI,1.97599999999875
gau,1,1,largeAI,8.45799999999872
gau,1,1,NAI,3.20400000000154
gau,1,1,consisAI,2.33699999999953
gau,1,1,smallAI,3.31999999999971
gau,1,1,largeAI,7.22499999999854
gau,1,1,NAI,3.23999999999796
gau,1,1,consisAI,2.10100000000239
gau,1,1,smallAI,1.89000000000306
gau,1,0.837209302325581,largeAI,6.48899999999776
gau,1,0,NAI,3.69700000000012
gau,1,1,consisAI,4.00700000000143
gau,1,1,smallAI,3.8660000000018
gau,1,1,largeAI,4.08899999999994
gau,1,1,NAI,1.98799999999756
gau,1,0,consisAI,3.49599999999919
gau,1,1,smallAI,3.74799999999959
gau,1,1,largeAI,4.70300000000134
gau,1,1,NAI,2.95200000000114
gau,1,1,consisAI,2.26300000000265
gau,1,0.837209302325581,smallAI,3.46999999999753
gau,1,1,largeAI,4.89800000000105
gau,1,0,NAI,1.87000000000262
gau,1,1,consisAI,5.00400000000081
gau,1,0.837209302325581,smallAI,2.54500000000189
gau,1,1,largeAI,7.99599999999919
gau,1,1,NAI,4.73700000000099
gau,1,1,consisAI,2.49699999999939
gau,1,1,smallAI,3.82400000000052
gau,1,1,largeAI,6.45799999999872
gau,1,1,NAI,4.8650000000016
gau,1,1,consisAI,2.67900000000009
gau,1,1,smallAI,3.9890000000014
gau,1,1,largeAI,7.68699999999808
gau,1,1,NAI,4.64900000000125
gau,1,1,consisAI,3.60399999999936
gau,1,1,smallAI,2.78000000000247
gau,1,1,largeAI,4.7390000000014
gau,1,1,NAI,3.67599999999948
gau,1,1,consisAI,3.52499999999782
gau,1,1,smallAI,5.74799999999959
gau,1,1,largeAI,8.04899999999907
gau,1,0,NAI,3.55500000000029
gau,1,1,consisAI,4.60699999999997
gau,1,1,smallAI,1.87900000000081
gau,1,1,largeAI,6.37599999999657
gau,1,0,NAI,4.28300000000309
gau,1,1,consisAI,4.86000000000058
gau,1,1,smallAI,2.91399999999703
gau,1,1,largeAI,4.83200000000215
gau,1,0,NAI,3.25400000000081
gau,1,1,consisAI,2.44399999999951
gau,1,1,smallAI,5.8949999999968
gau,1,1,largeAI,8.28399999999965
gau,1,1,NAI,2.99199999999837
gau,1,0,consisAI,3.48699999999735
gau,1,1,smallAI,3.11000000000058
gau,1,1,largeAI,8.09999999999854
gau,1,1,NAI,2.31200000000172
gau,1,1,consisAI,2.86699999999837
gau,1,1,smallAI,5.59799999999814
gau,1,1,largeAI,3.92699999999968
gau,1,1,NAI,3.46599999999671
gau,1,1,consisAI,5.40600000000268
gau,1,1,smallAI,4.47699999999895
gau,1,1,largeAI,4.75399999999718
gau,1,1,NAI,2.56500000000233
gau,1,1,consisAI,2.25600000000122
gau,1,1,smallAI,4.69800000000032
gau,1,1,largeAI,8.45700000000215
gau,1,1,NAI,3.9910000000018
gau,1,1,consisAI,2.81999999999971
gau,1,1,smallAI,3.31300000000192
gau,1,1,largeAI,4.71600000000035
gau,1,0,NAI,2.26800000000003
gau,1,1,consisAI,2.58299999999872
gau,1,1,smallAI,3.77000000000044
gau,1,1,largeAI,6.46600000000035
gau,1,0,NAI,3.0470000000023
gau,1,1,consisAI,3.93000000000029
gau,1,0.837209302325581,smallAI,2.71100000000297
gau,1,1,largeAI,7.55799999999726
gau,1,0,NAI,3.56599999999889
gau,1,1,consisAI,2.0779999999977
gau,1,1,smallAI,2.98999999999796
gau,1,1,largeAI,4.50500000000102
gau,1,0,NAI,2.55600000000049
gau,1,1,consisAI,3.3760000000002
gau,1,1,smallAI,3.79599999999846
gau,1,1,largeAI,7.45700000000215
gau,1,1,NAI,5.70600000000195
gau,1,0,consisAI,3.27300000000105
gau,1,1,smallAI,1.82500000000073
gau,1,1,largeAI,8.10699999999997
gau,1,1,NAI,4.06499999999869
gau,1,1,consisAI,3.33699999999953
gau,1,1,smallAI,1.98199999999997
gau,1,1,largeAI,7.04499999999825
gau,1,0,NAI,6.47599999999875
gau,1,1,consisAI,3.61300000000119
gau,1,1,smallAI,2.46699999999691
gau,1,1,largeAI,3.87300000000323
gau,1,1,NAI,2.63200000000143
gau,1,1,consisAI,2.44599999999991
gau,1,1,smallAI,4.47600000000239
gau,1,1,largeAI,8.51400000000285
gau,1,0,NAI,5.36599999999817
gau,1,1,consisAI,3.37099999999919
gau,1,1,smallAI,1.77799999999843
gau,1,1,largeAI,7.58899999999994
gau,1,1,NAI,4.34900000000198
gau,1,1,consisAI,2.9900000000016
gau,1,0.837209302325581,smallAI,4.14099999999962
gau,1,1,largeAI,6.1730000000025
gau,1,1,NAI,3.95700000000215
gau,1,1,consisAI,4.08699999999953
gau,1,1,smallAI,2.80999999999767
gau,1,1,largeAI,5.89000000000306
gau,1,1,NAI,3.04900000000271
gau,1,1,consisAI,2.58699999999953
gau,1,1,smallAI,4.35800000000017
gau,1,1,largeAI,8.05699999999706
gau,1,1,NAI,4.14900000000125
gau,1,1,consisAI,2.26699999999983
gau,1,1,smallAI,2.45799999999872
gau,1,1,largeAI,4.35299999999916
gau,1,0,NAI,2.87900000000081
gau,1,1,consisAI,3.01299999999901
gau,1,1,smallAI,3.62900000000081
gau,1,1,largeAI,5.45100000000093
gau,1,1,NAI,5.33399999999892
gau,1,1,consisAI,2.55900000000111
gau,1,1,smallAI,3.08199999999852
gau,1,1,largeAI,8.23099999999977
gau,1,1,NAI,4.34300000000076
gau,1,1,consisAI,4.02000000000044
gau,1,1,smallAI,2.46900000000096
gau,1,1,largeAI,5.1830000000009
gau,1,0,NAI,3.45000000000073
gau,1,1,consisAI,6.01499999999942
gau,1,1,smallAI,3.62299999999959
gau,1,1,largeAI,9.25300000000061
gau,1,1,NAI,2.3179999999993
gau,1,1,consisAI,2.86100000000079
gau,1,1,smallAI,1.90599999999904
gau,1,1,largeAI,8.35699999999997
gau,1,1,NAI,4.60699999999997
gau,1,1,consisAI,2.20500000000175
gau,1,1,smallAI,2.57500000000073
gau,1,1,largeAI,6.5570000000007
gau,1,1,NAI,2.71500000000015
gau,1,1,consisAI,1.98600000000079
gau,1,1,smallAI,4.37700000000041
gau,1,1,largeAI,4.70200000000114
gau,1,0,NAI,2.29399999999805
gau,1,1,consisAI,2.6919999999991
gau,1,0.837209302325581,smallAI,2.41900000000169
gau,1,0.837209302325581,largeAI,8.99499999999898
gau,1,1,NAI,2.94399999999951
gau,1,1,consisAI,3.54399999999805
gau,1,0.837209302325581,smallAI,2.41100000000006
gau,1,1,largeAI,4.07400000000052
gau,1,1,NAI,2.62999999999738
gau,1,1,consisAI,1.98499999999694
gau,1,1,smallAI,3.40599999999904
gau,1,1,largeAI,6.4539999999979
gau,1,1,NAI,5.75500000000102
gau,1,1,consisAI,3.25700000000143
gau,1,1,smallAI,3.75300000000061
gau,1,1,largeAI,6.56000000000131
gau,1,1,NAI,2.30600000000049
gau,1,1,consisAI,2.47299999999814
gau,1,1,smallAI,5.01299999999901
gau,1,1,largeAI,4.38700000000244
gau,1,1,NAI,2.51900000000023
gau,1,1,consisAI,2.31500000000233
gau,1,0.631578947368421,smallAI,3.13000000000102
gau,1,1,largeAI,8.85399999999936
gau,1,1,NAI,2.58000000000175
gau,1,1,consisAI,3.33299999999872
gau,1,1,smallAI,1.92900000000009
gau,1,1,largeAI,5.12100000000282
gau,1,0,NAI,2.01699999999983
gau,1,1,consisAI,2.97100000000137
gau,1,1,smallAI,4.19700000000012
gau,1,1,largeAI,8.70200000000114
gau,1,1,NAI,3.95499999999811
gau,1,1,consisAI,4.34399999999732
gau,1,0.837209302325581,smallAI,1.77600000000166
gau,1,1,largeAI,6.78499999999985
gau,1,1,NAI,6.99299999999857
gau,1,0,consisAI,3.93999999999869
gau,1,1,smallAI,2.46099999999933
gau,0.983226974646172,1,largeAI,9.05600000000049
gau,0.983226974646172,0,NAI,2.57700000000114
gau,0.983226974646172,1,consisAI,1.59299999999712
gau,0.983226974646172,0.837209302325581,smallAI,2.66100000000006
gau,1,1,largeAI,8.04999999999927
gau,1,1,NAI,4.37199999999939
gau,1,0,consisAI,2.52799999999843
gau,1,1,smallAI,2.4210000000021
gau,1,1,largeAI,5.97799999999916
gau,1,0,NAI,4.55400000000009
gau,1,1,consisAI,4.26000000000204
gau,1,1,smallAI,2.28899999999703
gau,1,1,largeAI,6.80799999999726
gau,1,1,NAI,5.49699999999939
gau,1,1,consisAI,3.2489999999998
gau,1,1,smallAI,2.8080000000009
gau,1,1,largeAI,7.18100000000049
gau,1,1,NAI,3.36700000000201
gau,1,1,consisAI,3.74399999999878
gau,1,0.837209302325581,smallAI,2.74199999999837
gau,1,1,largeAI,4.50300000000061
gau,1,0,NAI,2.49200000000201
gau,1,1,consisAI,2.44800000000032
gau,1,1,smallAI,3.73099999999977
gau,1,1,largeAI,4.20300000000134
gau,1,0,NAI,2.51300000000265
gau,1,1,consisAI,3.26599999999962
gau,1,1,smallAI,2.82300000000032
gau,1,1,largeAI,9.10800000000017
gau,1,0,NAI,4.72200000000157
gau,1,0,consisAI,1.93700000000172
gau,1,1,smallAI,2.32099999999991
gau,1,1,largeAI,4.76100000000224
gau,1,1,NAI,2.61000000000058
gau,1,1,consisAI,2.81100000000151
gau,1,0.837209302325581,smallAI,4.21399999999994
gau,1,1,largeAI,8.91400000000067
gau,1,1,NAI,4.23500000000058
gau,1,1,consisAI,2.18400000000111
gau,1,1,smallAI,2.08699999999953
gau,1,1,largeAI,5.41399999999703
gau,1,1,NAI,2.49199999999837
gau,1,1,consisAI,2.50600000000122
gau,1,1,smallAI,3.77599999999802
gau,1,1,largeAI,7.83299999999872
gau,1,1,NAI,4.82700000000114
gau,1,1,consisAI,2.23999999999796
gau,1,1,smallAI,1.92900000000009
gau,1,1,largeAI,6.90599999999904
gau,1,0,NAI,3.41600000000108
gau,1,1,consisAI,2.80400000000009
gau,1,1,smallAI,2.73899999999776
gau,1,1,largeAI,5.85399999999936
gau,1,0,NAI,3.56200000000172
gau,1,1,consisAI,3.75200000000041
gau,1,0.837209302325581,smallAI,3.60099999999875
gau,1,1,largeAI,6.23699999999735
gau,1,1,NAI,3.43799999999828
gau,1,1,consisAI,3.51599999999962
gau,1,1,smallAI,5.17799999999988
gau,1,1,largeAI,9.0679999999993
gau,1,1,NAI,4.20200000000114
gau,1,1,consisAI,2.79899999999907
gau,1,1,smallAI,2.35399999999936
gau,1,1,largeAI,4.47000000000116
gau,1,0,NAI,2.31299999999828
gau,1,1,consisAI,3.6160000000018
gau,1,0.837209302325581,smallAI,3.78800000000047
wilcoxon,0.983226974646172,1,largeAI,0.154000000000451
wilcoxon,0.983226974646172,1,NAI,0.0889999999999418
wilcoxon,0.983226974646172,1,consisAI,0.0650000000005093
wilcoxon,0.983226974646172,1,smallAI,0.0609999999996944
wilcoxon,1,1,largeAI,0.0579999999990832
wilcoxon,1,1,NAI,0.127000000000407
wilcoxon,1,1,consisAI,0.154999999998836
wilcoxon,1,1,smallAI,0.0969999999997526
wilcoxon,1,1,largeAI,0.0590000000011059
wilcoxon,1,1,NAI,0.130000000001019
wilcoxon,1,1,consisAI,0.0609999999996944
wilcoxon,1,1,smallAI,0.0729999999985012
wilcoxon,1,1,largeAI,0.0850000000009459
wilcoxon,1,1,NAI,0.257999999999811
wilcoxon,1,1,consisAI,0.13799999999901
wilcoxon,1,1,smallAI,0.0850000000009459
wilcoxon,1,1,largeAI,0.138000000000829
wilcoxon,1,1,NAI,0.148000000001048
wilcoxon,1,1,consisAI,0.127999999998792
wilcoxon,1,1,smallAI,0.0569999999988795
wilcoxon,1,1,largeAI,0.153999999998632
wilcoxon,1,1,NAI,0.0640000000003056
wilcoxon,1,1,consisAI,0.14600000000064
wilcoxon,1,1,smallAI,0.0580000000009022
wilcoxon,1,1,largeAI,0.161000000000058
wilcoxon,1,1,NAI,0.239999999999782
wilcoxon,1,1,consisAI,0.13799999999901
wilcoxon,1,1,smallAI,0.0419999999994616
wilcoxon,1,1,largeAI,0.15900000000147
wilcoxon,1,1,NAI,0.152000000000044
wilcoxon,1,1,consisAI,0.137000000000626
wilcoxon,1,1,smallAI,0.0419999999994616
wilcoxon,0.983226974646172,1,largeAI,0.135000000000218
wilcoxon,0.983226974646172,1,NAI,0.136000000000422
wilcoxon,0.983226974646172,1,consisAI,0.136000000000422
wilcoxon,0.983226974646172,1,smallAI,0.0450000000000728
wilcoxon,1,1,largeAI,0.0730000000003201
wilcoxon,1,1,NAI,0.0659999999988941
wilcoxon,1,1,consisAI,0.150000000001455
wilcoxon,1,1,smallAI,0.081000000000131
wilcoxon,1,1,largeAI,0.15599999999904
wilcoxon,1,1,NAI,0.223999999998341
wilcoxon,1,1,consisAI,0.108000000000175
wilcoxon,1,1,smallAI,0.0849999999991269
wilcoxon,1,1,largeAI,0.177999999999884
wilcoxon,1,1,NAI,0.135999999998603
wilcoxon,1,1,consisAI,0.0869999999995343
wilcoxon,1,1,smallAI,0.0429999999978463
wilcoxon,1,1,largeAI,0.0720000000001164
wilcoxon,1,1,NAI,0.0879999999997381
wilcoxon,1,1,consisAI,0.212000000001353
wilcoxon,1,1,smallAI,0.0610000000015134
wilcoxon,1,1,largeAI,0.138000000000829
wilcoxon,1,1,NAI,0.155000000002474
wilcoxon,1,1,consisAI,0.0860000000029686
wilcoxon,1,1,smallAI,0.0429999999978463
wilcoxon,1,1,largeAI,0.255999999999403
wilcoxon,1,1,NAI,0.156999999999243
wilcoxon,1,1,consisAI,0.0819999999985157
wilcoxon,1,1,smallAI,0.0629999999982829
wilcoxon,1,1,largeAI,0.125
wilcoxon,1,1,NAI,0.140999999999622
wilcoxon,1,1,consisAI,0.110000000000582
wilcoxon,1,1,smallAI,0.0620000000017171
wilcoxon,1,1,largeAI,0.179000000000087
wilcoxon,1,1,NAI,0.138000000002648
wilcoxon,1,1,consisAI,0.0970000000015716
wilcoxon,1,1,smallAI,0.044000000001688
wilcoxon,1,1,largeAI,0.0640000000003056
wilcoxon,1,1,NAI,0.0759999999991123
wilcoxon,1,1,consisAI,0.153000000002066
wilcoxon,1,1,smallAI,0.066000000002532
wilcoxon,1,1,largeAI,0.173999999999069
wilcoxon,1,1,NAI,0.141999999999825
wilcoxon,1,1,consisAI,0.13799999999901
wilcoxon,1,1,smallAI,0.0430000000014843
wilcoxon,0.983226974646172,1,largeAI,0.101000000000568
wilcoxon,0.983226974646172,0,NAI,0.130999999999403
wilcoxon,0.983226974646172,1,consisAI,0.136000000000422
wilcoxon,0.983226974646172,1,smallAI,0.0609999999978754
wilcoxon,1,1,largeAI,0.125
wilcoxon,1,1,NAI,0.21900000000096
wilcoxon,1,1,consisAI,0.0650000000023283
wilcoxon,1,1,smallAI,0.0609999999978754
wilcoxon,1,1,largeAI,0.281000000002678
wilcoxon,1,1,NAI,0.0859999999993306
wilcoxon,1,1,consisAI,0.0609999999978754
wilcoxon,1,1,smallAI,0.0430000000014843
wilcoxon,1,1,largeAI,0.24199999999837
wilcoxon,1,1,NAI,0.137000000002445
wilcoxon,1,1,consisAI,0.0629999999982829
wilcoxon,1,1,smallAI,0.0580000000009022
wilcoxon,1,1,largeAI,0.136000000002241
wilcoxon,1,1,NAI,0.136000000002241
wilcoxon,1,1,consisAI,0.0839999999989232
wilcoxon,1,1,smallAI,0.0489999999990687
wilcoxon,0.983226974646172,1,largeAI,0.0609999999978754
wilcoxon,0.983226974646172,1,NAI,0.101999999998952
wilcoxon,0.983226974646172,1,consisAI,0.0819999999985157
wilcoxon,0.983226974646172,1,smallAI,0.135999999998603
wilcoxon,1,1,largeAI,0.0599999999976717
wilcoxon,1,1,NAI,0.0860000000029686
wilcoxon,1,1,consisAI,0.0819999999985157
wilcoxon,1,1,smallAI,0.0630000000019209
wilcoxon,1,1,largeAI,0.245999999999185
wilcoxon,1,1,NAI,0.138999999999214
wilcoxon,1,1,consisAI,0.0969999999979336
wilcoxon,1,1,smallAI,0.0450000000018917
wilcoxon,1,1,largeAI,0.0570000000006985
wilcoxon,1,1,NAI,0.127000000000407
wilcoxon,1,1,consisAI,0.114000000001397
wilcoxon,1,1,smallAI,0.113999999997759
wilcoxon,1,1,largeAI,0.136999999998807
wilcoxon,1,1,NAI,0.13799999999901
wilcoxon,1,1,consisAI,0.0600000000013097
wilcoxon,1,1,smallAI,0.0859999999993306
wilcoxon,1,1,largeAI,0.138999999999214
wilcoxon,1,1,NAI,0.139000000002852
wilcoxon,1,1,consisAI,0.157999999999447
wilcoxon,1,1,smallAI,0.0859999999993306
wilcoxon,1,1,largeAI,0.135000000002037
wilcoxon,1,1,NAI,0.140999999999622
wilcoxon,1,1,consisAI,0.0970000000015716
wilcoxon,1,1,smallAI,0.04399999999805
wilcoxon,1,1,largeAI,0.0580000000009022
wilcoxon,1,1,NAI,0.0999999999985448
wilcoxon,1,1,consisAI,0.110000000000582
wilcoxon,1,1,smallAI,0.138999999999214
wilcoxon,1,1,largeAI,0.0839999999989232
wilcoxon,1,1,NAI,0.102999999999156
wilcoxon,1,1,consisAI,0.111000000000786
wilcoxon,1,1,smallAI,0.058999999997468
wilcoxon,1,1,largeAI,0.130000000001019
wilcoxon,1,1,NAI,0.0640000000021246
wilcoxon,1,1,consisAI,0.0620000000017171
wilcoxon,1,1,smallAI,0.0639999999984866
wilcoxon,1,1,largeAI,0.229999999999563
wilcoxon,1,1,NAI,0.0850000000027649
wilcoxon,1,1,consisAI,0.0760000000009313
wilcoxon,1,1,smallAI,0.044000000001688
wilcoxon,1,1,largeAI,0.211999999999534
wilcoxon,1,1,NAI,0.0989999999983411
wilcoxon,1,1,consisAI,0.128000000000611
wilcoxon,1,1,smallAI,0.0429999999978463
wilcoxon,1,1,largeAI,0.177999999999884
wilcoxon,1,1,NAI,0.0620000000017171
wilcoxon,1,1,consisAI,0.0570000000006985
wilcoxon,1,1,smallAI,0.058999999997468
wilcoxon,1,1,largeAI,0.163000000000466
wilcoxon,1,1,NAI,0.151999999998225
wilcoxon,1,1,consisAI,0.0829999999987194
wilcoxon,1,1,smallAI,0.0460000000020955
wilcoxon,1,1,largeAI,0.15599999999904
wilcoxon,1,1,NAI,0.150000000001455
wilcoxon,1,1,consisAI,0.131000000001222
wilcoxon,1,1,smallAI,0.0830000000023574
wilcoxon,1,1,largeAI,0.0540000000000873
wilcoxon,1,1,NAI,0.118999999998778
wilcoxon,1,1,consisAI,0.0580000000009022
wilcoxon,1,1,smallAI,0.0570000000006985
wilcoxon,1,1,largeAI,0.13300000000163
wilcoxon,1,1,NAI,0.138999999999214
wilcoxon,1,1,consisAI,0.143000000000029
wilcoxon,1,1,smallAI,0.04399999999805
wilcoxon,1,1,largeAI,0.0610000000015134
wilcoxon,1,1,NAI,0.0580000000009022
wilcoxon,1,1,consisAI,0.149999999997817
wilcoxon,1,1,smallAI,0.0529999999998836
wilcoxon,1,1,largeAI,0.0560000000004948
wilcoxon,1,1,NAI,0.114999999997963
wilcoxon,1,1,consisAI,0.0570000000006985
wilcoxon,1,1,smallAI,0.0579999999972642
wilcoxon,1,1,largeAI,0.0580000000009022
wilcoxon,1,1,NAI,0.111000000000786
wilcoxon,1,0,consisAI,0.125
wilcoxon,1,1,smallAI,0.0599999999976717
wilcoxon,1,1,largeAI,0.155000000002474
wilcoxon,1,1,NAI,0.210999999999331
wilcoxon,1,1,consisAI,0.0580000000009022
wilcoxon,1,1,smallAI,0.13799999999901
wilcoxon,0.983226974646172,1,largeAI,0.0600000000013097
wilcoxon,0.983226974646172,1,NAI,0.11200000000099
wilcoxon,0.983226974646172,1,consisAI,0.179000000000087
wilcoxon,0.983226974646172,1,smallAI,0.13799999999901
wilcoxon,1,1,largeAI,0.151000000001659
wilcoxon,1,1,NAI,0.15599999999904
wilcoxon,1,1,consisAI,0.0609999999978754
wilcoxon,1,1,smallAI,0.0430000000014843
wilcoxon,1,1,largeAI,0.148000000001048
wilcoxon,1,1,NAI,0.123999999999796
wilcoxon,1,1,consisAI,0.0600000000013097
wilcoxon,1,1,smallAI,0.0859999999993306
wilcoxon,1,1,largeAI,0.179000000000087
wilcoxon,1,1,NAI,0.129000000000815
wilcoxon,1,1,consisAI,0.13300000000163
wilcoxon,1,1,smallAI,0.0600000000013097
wilcoxon,1,1,largeAI,0.148000000001048
wilcoxon,1,1,NAI,0.148999999997613
wilcoxon,1,1,consisAI,0.139000000002852
wilcoxon,1,1,smallAI,0.0449999999982538
wilcoxon,1,1,largeAI,0.080999999998312
wilcoxon,1,1,NAI,0.151999999998225
wilcoxon,1,1,consisAI,0.0740000000005239
wilcoxon,1,1,smallAI,0.132999999997992
wilcoxon,1,1,largeAI,0.123999999999796
wilcoxon,1,1,NAI,0.126000000000204
wilcoxon,1,1,consisAI,0.125
wilcoxon,1,1,smallAI,0.0630000000019209
wilcoxon,1,1,largeAI,0.137000000002445
wilcoxon,1,1,NAI,0.269000000000233
wilcoxon,1,1,consisAI,0.143000000000029
wilcoxon,1,1,smallAI,0.0629999999982829
wilcoxon,1,1,largeAI,0.156000000002678
wilcoxon,1,1,NAI,0.148999999997613
wilcoxon,1,1,consisAI,0.0780000000013388
wilcoxon,1,1,smallAI,0.0859999999993306
wilcoxon,1,1,largeAI,0.148999999997613
wilcoxon,1,1,NAI,0.161000000000058
wilcoxon,1,1,consisAI,0.159999999999854
wilcoxon,1,1,smallAI,0.044000000001688
wilcoxon,1,1,largeAI,0.13799999999901
wilcoxon,1,1,NAI,0.127000000000407
wilcoxon,1,1,consisAI,0.187000000001717
wilcoxon,1,1,smallAI,0.0580000000009022
wilcoxon,1,1,largeAI,0.167000000001281
wilcoxon,1,1,NAI,0.139999999999418
wilcoxon,1,1,consisAI,0.146999999997206
wilcoxon,1,1,smallAI,0.0599999999976717
wilcoxon,1,1,largeAI,0.135999999998603
wilcoxon,1,0,NAI,0.190000000002328
wilcoxon,1,1,consisAI,0.139000000002852
wilcoxon,1,1,smallAI,0.0419999999976426
wilcoxon,1,1,largeAI,0.133999999998196
wilcoxon,1,1,NAI,0.161000000000058
wilcoxon,1,1,consisAI,0.139999999999418
wilcoxon,1,1,smallAI,0.044000000001688
wilcoxon,1,1,largeAI,0.113000000001193
wilcoxon,1,1,NAI,0.11200000000099
wilcoxon,1,1,consisAI,0.129000000000815
wilcoxon,1,1,smallAI,0.135999999998603
wilcoxon,1,1,largeAI,0.0600000000013097
wilcoxon,1,1,NAI,0.0580000000009022
wilcoxon,1,1,consisAI,0.0609999999978754
wilcoxon,1,1,smallAI,0.104999999999563
wilcoxon,1,1,largeAI,0.136000000002241
wilcoxon,1,1,NAI,0.138999999999214
wilcoxon,1,1,consisAI,0.0960000000013679
wilcoxon,1,1,smallAI,0.0620000000017171
wilcoxon,1,1,largeAI,0.181000000000495
wilcoxon,1,1,NAI,0.156000000002678
wilcoxon,1,1,consisAI,0.0889999999999418
wilcoxon,1,1,smallAI,0.0430000000014843
wilcoxon,1,1,largeAI,0.180000000000291
wilcoxon,1,1,NAI,0.145000000000437
wilcoxon,1,1,consisAI,0.111000000000786
wilcoxon,1,1,smallAI,0.0469999999986612
wilcoxon,1,1,largeAI,0.223000000001775
wilcoxon,1,1,NAI,0.0859999999993306
wilcoxon,1,1,consisAI,0.117999999998574
wilcoxon,1,1,smallAI,0.0449999999982538
wilcoxon,1,1,largeAI,0.181000000000495
wilcoxon,1,1,NAI,0.212999999999738
wilcoxon,1,1,consisAI,0.0600000000013097
wilcoxon,1,1,smallAI,0.0679999999993015
wilcoxon,1,1,largeAI,0.0629999999982829
wilcoxon,1,1,NAI,0.128000000000611
wilcoxon,1,1,consisAI,0.0570000000006985
wilcoxon,1,1,smallAI,0.0620000000017171
wilcoxon,1,1,largeAI,0.0600000000013097
wilcoxon,1,1,NAI,0.10399999999936
wilcoxon,1,1,consisAI,0.0590000000011059
wilcoxon,1,1,smallAI,0.111000000000786
wilcoxon,1,1,largeAI,0.206999999998516
wilcoxon,1,1,NAI,0.215000000000146
wilcoxon,1,1,consisAI,0.0989999999983411
wilcoxon,1,1,smallAI,0.0619999999980791
wilcoxon,1,0.837209302325581,largeAI,0.13799999999901
wilcoxon,1,1,NAI,0.147000000000844
wilcoxon,1,1,consisAI,0.0970000000015716
wilcoxon,1,1,smallAI,0.0459999999984575
wilcoxon,1,1,largeAI,0.139000000002852
wilcoxon,1,1,NAI,0.0610000000015134
wilcoxon,1,1,consisAI,0.0700000000033469
wilcoxon,1,1,smallAI,0.104999999999563
wilcoxon,1,1,largeAI,0.138999999999214
wilcoxon,1,1,NAI,0.215000000000146
wilcoxon,1,1,consisAI,0.0839999999989232
wilcoxon,1,1,smallAI,0.0430000000014843
wilcoxon,1,1,largeAI,0.136000000002241
wilcoxon,1,1,NAI,0.199000000000524
wilcoxon,1,1,consisAI,0.11200000000099
wilcoxon,1,1,smallAI,0.0689999999995052
wilcoxon,1,1,largeAI,0.13799999999901
wilcoxon,1,1,NAI,0.139000000002852
wilcoxon,1,1,consisAI,0.109000000000378
wilcoxon,1,1,smallAI,0.0610000000015134
wilcoxon,1,1,largeAI,0.181000000000495
wilcoxon,1,1,NAI,0.155000000002474
wilcoxon,1,1,consisAI,0.0610000000015134
wilcoxon,1,1,smallAI,0.0649999999986903
wilcoxon,1,1,largeAI,0.177999999999884
wilcoxon,1,1,NAI,0.0649999999986903
wilcoxon,1,1,consisAI,0.109000000000378
wilcoxon,1,1,smallAI,0.0459999999984575
wilcoxon,1,1,largeAI,0.166999999997643
wilcoxon,1,1,NAI,0.13799999999901
wilcoxon,1,1,consisAI,0.0980000000017753
wilcoxon,1,1,smallAI,0.044000000001688
wilcoxon,1,1,largeAI,0.0590000000011059
wilcoxon,1,1,NAI,0.111000000000786
wilcoxon,1,1,consisAI,0.0730000000003201
wilcoxon,1,1,smallAI,0.058999999997468
wilcoxon,0.983226974646172,1,largeAI,0.130999999997584
wilcoxon,0.983226974646172,1,NAI,0.0850000000027649
wilcoxon,0.983226974646172,1,consisAI,0.13799999999901
wilcoxon,0.983226974646172,1,smallAI,0.0600000000013097
wilcoxon,1,1,largeAI,0.0839999999989232
wilcoxon,1,1,NAI,0.179000000000087
wilcoxon,1,1,consisAI,0.134999999998399
wilcoxon,1,1,smallAI,0.0610000000015134
wilcoxon,1,1,largeAI,0.101999999998952
wilcoxon,1,1,NAI,0.111000000000786
wilcoxon,1,1,consisAI,0.0879999999997381
wilcoxon,1,1,smallAI,0.11200000000099
wilcoxon,1,1,largeAI,0.134999999998399
wilcoxon,1,1,NAI,0.11699999999837
wilcoxon,1,1,consisAI,0.147000000000844
wilcoxon,1,1,smallAI,0.0450000000018917
wilcoxon,1,1,largeAI,0.108000000000175
wilcoxon,1,1,NAI,0.0739999999968859
wilcoxon,1,1,consisAI,0.0610000000015134
wilcoxon,1,1,smallAI,0.136999999998807
wilcoxon,1,1,largeAI,0.207999999998719
wilcoxon,1,1,NAI,0.0600000000013097
wilcoxon,1,1,consisAI,0.0610000000015134
wilcoxon,1,1,smallAI,0.0969999999979336
wilcoxon,1,1,largeAI,0.138999999999214
wilcoxon,1,1,NAI,0.135000000002037
wilcoxon,1,1,consisAI,0.100999999998749
wilcoxon,1,1,smallAI,0.0450000000018917
wilcoxon,1,1,largeAI,0.149000000001251
wilcoxon,1,1,NAI,0.15599999999904
wilcoxon,1,1,consisAI,0.0619999999980791
wilcoxon,1,1,smallAI,0.044000000001688
wilcoxon,1,1,largeAI,0.10200000000259
wilcoxon,1,1,NAI,0.117999999998574
wilcoxon,1,1,consisAI,0.167000000001281
wilcoxon,1,1,smallAI,0.0579999999972642
wilcoxon,1,1,largeAI,0.0879999999997381
wilcoxon,1,1,NAI,0.23700000000099
wilcoxon,1,1,consisAI,0.17699999999968
wilcoxon,1,1,smallAI,0.0619999999980791
wilcoxon,1,1,largeAI,0.199000000000524
wilcoxon,1,0,NAI,0.211999999999534
wilcoxon,1,1,consisAI,0.135000000002037
wilcoxon,1,1,smallAI,0.0420000000012806
wilcoxon,1,1,largeAI,0.135999999998603
wilcoxon,1,1,NAI,0.218000000000757
wilcoxon,1,1,consisAI,0.0629999999982829
wilcoxon,1,1,smallAI,0.044000000001688
wilcoxon,1,1,largeAI,0.132000000001426
wilcoxon,1,1,NAI,0.119999999998981
wilcoxon,1,1,consisAI,0.0790000000015425
wilcoxon,1,1,smallAI,0.0630000000019209
wilcoxon,1,1,largeAI,0.0590000000011059
wilcoxon,1,1,NAI,0.0730000000003201
wilcoxon,1,1,consisAI,0.143000000000029
wilcoxon,1,1,smallAI,0.0989999999983411
wilcoxon,1,1,largeAI,0.177000000003318
wilcoxon,1,1,NAI,0.100000000002183
wilcoxon,1,1,consisAI,0.0620000000017171
wilcoxon,1,1,smallAI,0.0619999999980791
wilcoxon,1,1,largeAI,0.140999999999622
wilcoxon,1,1,NAI,0.164000000000669
wilcoxon,1,1,consisAI,0.0600000000013097
wilcoxon,1,1,smallAI,0.0709999999999127
wilcoxon,1,1,largeAI,0.140999999999622
wilcoxon,1,1,NAI,0.11699999999837
wilcoxon,1,1,consisAI,0.200000000000728
wilcoxon,1,1,smallAI,0.135999999998603
wilcoxon,1,1,largeAI,0.13799999999901
wilcoxon,1,1,NAI,0.189000000002125
wilcoxon,1,1,consisAI,0.138000000002648
wilcoxon,1,1,smallAI,0.0619999999980791
wilcoxon,1,1,largeAI,0.136999999998807
wilcoxon,1,1,NAI,0.15599999999904
wilcoxon,1,1,consisAI,0.0619999999980791
wilcoxon,1,1,smallAI,0.0420000000012806
wilcoxon,1,1,largeAI,0.239999999997963
wilcoxon,1,1,NAI,0.179000000000087
wilcoxon,1,1,consisAI,0.129999999997381
wilcoxon,1,1,smallAI,0.0430000000014843
wilcoxon,1,1,largeAI,0.120999999999185
wilcoxon,1,1,NAI,0.126999999996769
wilcoxon,1,1,consisAI,0.0560000000004948
wilcoxon,1,1,smallAI,0.0600000000013097
wilcoxon,1,1,largeAI,0.13799999999901
wilcoxon,1,1,NAI,0.213999999999942
wilcoxon,1,1,consisAI,0.138999999999214
wilcoxon,1,1,smallAI,0.0469999999986612
wilcoxon,1,1,largeAI,0.127000000000407
wilcoxon,1,1,NAI,0.0629999999982829
wilcoxon,1,1,consisAI,0.0870000000031723
wilcoxon,1,1,smallAI,0.0600000000013097
wilcoxon,1,1,largeAI,0.131000000001222
wilcoxon,1,1,NAI,0.154999999998836
wilcoxon,1,1,consisAI,0.112999999997555
wilcoxon,1,1,smallAI,0.0429999999978463
wilcoxon,1,1,largeAI,0.157999999999447
wilcoxon,1,1,NAI,0.128000000000611
wilcoxon,1,1,consisAI,0.137000000002445
wilcoxon,1,1,smallAI,0.0430000000014843
wilcoxon,1,1,largeAI,0.155000000002474
wilcoxon,1,1,NAI,0.135000000002037
wilcoxon,1,1,consisAI,0.066000000002532
wilcoxon,1,0.837209302325581,smallAI,0.0630000000019209
wilcoxon,1,1,largeAI,0.129000000000815
wilcoxon,1,1,NAI,0.136999999998807
wilcoxon,1,1,consisAI,0.161000000000058
wilcoxon,1,1,smallAI,0.0840000000025611
wilcoxon,1,1,largeAI,0.105999999999767
wilcoxon,1,1,NAI,0.176000000003114
wilcoxon,1,1,consisAI,0.127000000000407
wilcoxon,1,1,smallAI,0.0470000000022992
wilcoxon,1,1,largeAI,0.126000000000204
wilcoxon,1,1,NAI,0.0580000000009022
wilcoxon,1,0,consisAI,0.126000000000204
wilcoxon,1,1,smallAI,0.0599999999976717
wilcoxon,1,1,largeAI,0.139999999999418
wilcoxon,1,1,NAI,0.158999999999651
wilcoxon,1,1,consisAI,0.0650000000023283
wilcoxon,1,1,smallAI,0.0659999999988941
wilcoxon,1,1,largeAI,0.0609999999978754
wilcoxon,1,1,NAI,0.0720000000001164
wilcoxon,1,1,consisAI,0.109999999996944
wilcoxon,1,1,smallAI,0.0610000000015134
wilcoxon,1,1,largeAI,0.132000000001426
wilcoxon,1,1,NAI,0.230999999999767
wilcoxon,1,1,consisAI,0.0970000000015716
wilcoxon,1,1,smallAI,0.0430000000014843
wilcoxon,1,1,largeAI,0.110999999997148
wilcoxon,1,1,NAI,0.0570000000006985
wilcoxon,1,1,consisAI,0.129999999997381
wilcoxon,1,1,smallAI,0.129000000000815
wilcoxon,1,1,largeAI,0.145000000000437
wilcoxon,1,1,NAI,0.213999999999942
wilcoxon,1,1,consisAI,0.0579999999972642
wilcoxon,1,1,smallAI,0.0969999999979336
wilcoxon,1,1,largeAI,0.0609999999978754
wilcoxon,1,1,NAI,0.0609999999978754
wilcoxon,1,1,consisAI,0.161000000000058
wilcoxon,1,1,smallAI,0.108000000000175
wilcoxon,0.983226974646172,1,largeAI,0.136999999998807
wilcoxon,0.983226974646172,1,NAI,0.153999999998632
wilcoxon,0.983226974646172,1,consisAI,0.139000000002852
wilcoxon,0.983226974646172,1,smallAI,0.0459999999984575
wilcoxon,1,1,largeAI,0.136999999998807
wilcoxon,1,1,NAI,0.138999999999214
wilcoxon,1,1,consisAI,0.0980000000017753
wilcoxon,1,1,smallAI,0.0640000000021246
wilcoxon,1,1,largeAI,0.140999999999622
wilcoxon,1,1,NAI,0.211000000002969
wilcoxon,1,1,consisAI,0.134000000001834
wilcoxon,1,1,smallAI,0.0450000000018917
wilcoxon,1,1,largeAI,0.158999999999651
wilcoxon,1,1,NAI,0.179000000000087
wilcoxon,1,1,consisAI,0.154999999998836
wilcoxon,1,1,smallAI,0.0639999999984866
wilcoxon,1,1,largeAI,0.136999999998807
wilcoxon,1,1,NAI,0.179000000000087
wilcoxon,1,1,consisAI,0.136999999998807
wilcoxon,1,1,smallAI,0.0429999999978463
wilcoxon,1,1,largeAI,0.209999999999127
wilcoxon,1,1,NAI,0.143000000000029
wilcoxon,1,1,consisAI,0.108000000000175
wilcoxon,1,1,smallAI,0.0839999999989232
wilcoxon,1,1,largeAI,0.08100000000195
wilcoxon,1,1,NAI,0.138000000002648
wilcoxon,1,1,consisAI,0.135999999998603
wilcoxon,1,1,smallAI,0.0600000000013097
wilcoxon,1,1,largeAI,0.148000000001048
wilcoxon,1,1,NAI,0.14600000000064
wilcoxon,1,1,consisAI,0.136000000002241
wilcoxon,1,1,smallAI,0.100000000002183
wilcoxon,1,1,largeAI,0.111000000000786
wilcoxon,1,1,NAI,0.111000000000786
wilcoxon,1,1,consisAI,0.113000000001193
wilcoxon,1,1,smallAI,0.125
wilcoxon,1,1,largeAI,0.0629999999982829
wilcoxon,1,1,NAI,0.212999999999738
wilcoxon,1,1,consisAI,0.147000000000844
wilcoxon,1,1,smallAI,0.0639999999984866
wilcoxon,1,1,largeAI,0.150000000001455
wilcoxon,1,1,NAI,0.164999999997235
wilcoxon,1,1,consisAI,0.092000000000553
wilcoxon,1,1,smallAI,0.0619999999980791
wilcoxon,1,1,largeAI,0.11200000000099
wilcoxon,1,1,NAI,0.154999999998836
wilcoxon,1,1,consisAI,0.15599999999904
wilcoxon,1,1,smallAI,0.0429999999978463
wilcoxon,1,1,largeAI,0.136999999998807
wilcoxon,1,1,NAI,0.228000000002794
wilcoxon,1,1,consisAI,0.0999999999985448
wilcoxon,1,1,smallAI,0.0430000000014843
wilcoxon,1,1,largeAI,0.10899999999674
wilcoxon,1,1,NAI,0.0650000000023283
wilcoxon,1,1,consisAI,0.129000000000815
wilcoxon,1,1,smallAI,0.0590000000011059
wilcoxon,1,1,largeAI,0.14600000000064
wilcoxon,1,1,NAI,0.135999999998603
wilcoxon,1,1,consisAI,0.134999999998399
wilcoxon,1,1,smallAI,0.0449999999982538
wilcoxon,1,1,largeAI,0.141999999999825
wilcoxon,1,1,NAI,0.148999999997613
wilcoxon,1,1,consisAI,0.135999999998603
wilcoxon,1,1,smallAI,0.0429999999978463
wilcoxon,1,1,largeAI,0.100999999998749
wilcoxon,1,1,NAI,0.110000000000582
wilcoxon,1,1,consisAI,0.123999999999796
wilcoxon,1,1,smallAI,0.058999999997468
wilcoxon,1,1,largeAI,0.135999999998603
wilcoxon,1,1,NAI,0.138999999999214
wilcoxon,1,1,consisAI,0.0620000000017171
wilcoxon,1,1,smallAI,0.100000000002183
wilcoxon,1,1,largeAI,0.0580000000009022
wilcoxon,1,1,NAI,0.0629999999982829
wilcoxon,1,1,consisAI,0.117999999998574
wilcoxon,1,1,smallAI,0.0619999999980791
wilcoxon,1,1,largeAI,0.211999999999534
wilcoxon,1,1,NAI,0.0900000000001455
wilcoxon,1,1,consisAI,0.156000000002678
wilcoxon,1,1,smallAI,0.04399999999805
wilcoxon,1,1,largeAI,0.135999999998603
wilcoxon,1,1,NAI,0.179000000000087
wilcoxon,1,1,consisAI,0.077000000001135
wilcoxon,1,1,smallAI,0.0600000000013097
wilcoxon,1,1,largeAI,0.179000000000087
wilcoxon,1,1,NAI,0.147000000000844
wilcoxon,1,0,consisAI,0.108000000000175
wilcoxon,1,1,smallAI,0.0420000000012806
wilcoxon,1,1,largeAI,0.189000000002125
wilcoxon,1,1,NAI,0.0599999999976717
wilcoxon,1,1,consisAI,0.0800000000017462
wilcoxon,1,1,smallAI,0.0630000000019209
wilcoxon,1,1,largeAI,0.136999999998807
wilcoxon,1,1,NAI,0.136000000002241
wilcoxon,1,1,consisAI,0.0999999999985448
wilcoxon,1,1,smallAI,0.0449999999982538
wilcoxon,1,0.837209302325581,largeAI,0.144999999996799
wilcoxon,1,1,NAI,0.137000000002445
wilcoxon,1,1,consisAI,0.0829999999987194
wilcoxon,1,1,smallAI,0.0600000000013097
wilcoxon,1,1,largeAI,0.0960000000013679
wilcoxon,1,1,NAI,0.0930000000007567
wilcoxon,1,1,consisAI,0.0570000000006985
wilcoxon,1,1,smallAI,0.11200000000099
wilcoxon,1,1,largeAI,0.105999999999767
wilcoxon,1,1,NAI,0.117999999998574
wilcoxon,1,1,consisAI,0.0800000000017462
wilcoxon,1,1,smallAI,0.0620000000017171
wilcoxon,1,1,largeAI,0.108000000000175
wilcoxon,1,1,NAI,0.126000000000204
wilcoxon,1,1,consisAI,0.175999999999476
wilcoxon,1,1,smallAI,0.0610000000015134
wilcoxon,1,1,largeAI,0.135000000002037
wilcoxon,1,1,NAI,0.17699999999968
wilcoxon,1,1,consisAI,0.0609999999978754
wilcoxon,1,1,smallAI,0.0789999999979045
wilcoxon,1,1,largeAI,0.135999999998603
wilcoxon,1,1,NAI,0.175999999999476
wilcoxon,1,1,consisAI,0.104000000002998
wilcoxon,1,1,smallAI,0.0649999999986903
wilcoxon,1,1,largeAI,0.136999999998807
wilcoxon,1,1,NAI,0.17699999999968
wilcoxon,1,1,consisAI,0.14600000000064
wilcoxon,1,1,smallAI,0.0679999999993015
wilcoxon,1,1,largeAI,0.127000000000407
wilcoxon,1,1,NAI,0.0619999999980791
wilcoxon,1,1,consisAI,0.140999999999622
wilcoxon,1,1,smallAI,0.177999999999884
wilcoxon,1,1,largeAI,0.135000000002037
wilcoxon,1,1,NAI,0.136999999998807
wilcoxon,1,1,consisAI,0.0839999999989232
wilcoxon,1,1,smallAI,0.0419999999976426
wilcoxon,1,1,largeAI,0.175999999999476
wilcoxon,1,1,NAI,0.138999999999214
wilcoxon,1,1,consisAI,0.0620000000017171
wilcoxon,1,1,smallAI,0.0600000000013097
wilcoxon,1,1,largeAI,0.069999999999709
wilcoxon,1,1,NAI,0.130000000001019
wilcoxon,1,1,consisAI,0.0889999999999418
wilcoxon,1,1,smallAI,0.135999999998603
wilcoxon,1,1,largeAI,0.135999999998603
wilcoxon,1,1,NAI,0.136999999998807
wilcoxon,1,1,consisAI,0.154999999998836
wilcoxon,1,1,smallAI,0.0449999999982538
wilcoxon,1,1,largeAI,0.0720000000001164
wilcoxon,1,1,NAI,0.110000000000582
wilcoxon,1,1,consisAI,0.0590000000011059
wilcoxon,1,1,smallAI,0.0600000000013097
wilcoxon,1,1,largeAI,0.0629999999982829
wilcoxon,1,1,NAI,0.134999999998399
wilcoxon,1,1,consisAI,0.165000000000873
wilcoxon,1,1,smallAI,0.123999999999796
wilcoxon,1,1,largeAI,0.132999999997992
wilcoxon,1,1,NAI,0.131999999997788
wilcoxon,1,1,consisAI,0.122999999999593
wilcoxon,1,1,smallAI,0.131000000001222
wilcoxon,1,1,largeAI,0.15400000000227
wilcoxon,1,1,NAI,0.149000000001251
wilcoxon,1,1,consisAI,0.167999999997846
wilcoxon,1,1,smallAI,0.0549999999966531
wilcoxon,1,1,largeAI,0.0960000000013679
wilcoxon,1,1,NAI,0.0610000000015134
wilcoxon,1,1,consisAI,0.0679999999993015
wilcoxon,1,1,smallAI,0.125
wilcoxon,1,1,largeAI,0.133999999998196
wilcoxon,1,1,NAI,0.149999999997817
wilcoxon,1,1,consisAI,0.106999999999971
wilcoxon,1,0.837209302325581,smallAI,0.0429999999978463
wilcoxon,1,1,largeAI,0.248999999999796
wilcoxon,1,1,NAI,0.147000000000844
wilcoxon,1,1,consisAI,0.0629999999982829
wilcoxon,1,1,smallAI,0.0629999999982829
wilcoxon,1,1,largeAI,0.0580000000009022
wilcoxon,1,1,NAI,0.0869999999995343
wilcoxon,1,1,consisAI,0.0730000000003201
wilcoxon,1,1,smallAI,0.135000000002037
wilcoxon,1,1,largeAI,0.179000000000087
wilcoxon,1,1,NAI,0.136999999998807
wilcoxon,1,1,consisAI,0.0650000000023283
wilcoxon,1,1,smallAI,0.0420000000012806
wilcoxon,1,1,largeAI,0.166000000001077
wilcoxon,1,1,NAI,0.135000000002037
wilcoxon,1,1,consisAI,0.0600000000013097
wilcoxon,1,1,smallAI,0.0420000000012806
wilcoxon,1,1,largeAI,0.145000000000437
wilcoxon,1,1,NAI,0.13799999999901
wilcoxon,1,1,consisAI,0.105999999999767
wilcoxon,1,1,smallAI,0.0630000000019209
wilcoxon,1,1,largeAI,0.129000000000815
wilcoxon,1,1,NAI,0.0799999999981083
wilcoxon,1,1,consisAI,0.0620000000017171
wilcoxon,1,1,smallAI,0.0659999999988941
wilcoxon,1,1,largeAI,0.177999999999884
wilcoxon,1,1,NAI,0.211999999999534
wilcoxon,1,1,consisAI,0.0850000000027649
wilcoxon,1,1,smallAI,0.0430000000014843
wilcoxon,1,1,largeAI,0.14799999999741
wilcoxon,1,1,NAI,0.13799999999901
wilcoxon,1,1,consisAI,0.0970000000015716
wilcoxon,1,1,smallAI,0.0519999999996799
wilcoxon,1,1,largeAI,0.154999999998836
wilcoxon,1,1,NAI,0.155000000002474
wilcoxon,1,1,consisAI,0.066000000002532
wilcoxon,1,1,smallAI,0.0829999999987194
wilcoxon,1,1,largeAI,0.180000000000291
wilcoxon,1,1,NAI,0.0610000000015134
wilcoxon,1,1,consisAI,0.0639999999984866
wilcoxon,1,1,smallAI,0.136999999998807
wilcoxon,1,1,largeAI,0.177999999999884
wilcoxon,1,1,NAI,0.137000000002445
wilcoxon,1,1,consisAI,0.0869999999995343
wilcoxon,1,1,smallAI,0.0580000000009022
wilcoxon,1,1,largeAI,0.0690000000031432
wilcoxon,1,1,NAI,0.0620000000017171
wilcoxon,1,1,consisAI,0.0640000000021246
wilcoxon,1,1,smallAI,0.117999999998574
wilcoxon,1,1,largeAI,0.21900000000096
wilcoxon,1,1,NAI,0.135000000002037
wilcoxon,1,1,consisAI,0.0590000000011059
wilcoxon,1,1,smallAI,0.0669999999990978
wilcoxon,1,1,largeAI,0.209999999999127
wilcoxon,1,1,NAI,0.137000000002445
wilcoxon,1,1,consisAI,0.0960000000013679
wilcoxon,1,1,smallAI,0.0580000000009022
wilcoxon,1,1,largeAI,0.156000000002678
wilcoxon,1,1,NAI,0.15599999999904
wilcoxon,1,1,consisAI,0.177999999999884
wilcoxon,1,1,smallAI,0.15599999999904
wilcoxon,1,1,largeAI,0.177999999999884
wilcoxon,1,1,NAI,0.136999999998807
wilcoxon,1,1,consisAI,0.138999999999214
wilcoxon,1,1,smallAI,0.0430000000014843
wilcoxon,1,1,largeAI,0.173999999999069
wilcoxon,1,1,NAI,0.0869999999995343
wilcoxon,1,1,consisAI,0.0839999999989232
wilcoxon,1,1,smallAI,0.0459999999984575
wilcoxon,1,1,largeAI,0.125
wilcoxon,1,1,NAI,0.138999999999214
wilcoxon,1,1,consisAI,0.105999999999767
wilcoxon,1,1,smallAI,0.118000000002212
wilcoxon,1,1,largeAI,0.0730000000003201
wilcoxon,1,1,NAI,0.0580000000009022
wilcoxon,1,1,consisAI,0.101999999998952
wilcoxon,1,1,smallAI,0.0659999999988941
wilcoxon,1,0.837209302325581,largeAI,0.177999999999884
wilcoxon,1,1,NAI,0.0969999999979336
wilcoxon,1,1,consisAI,0.100000000002183
wilcoxon,1,1,smallAI,0.0640000000021246
wilcoxon,1,1,largeAI,0.0950000000011642
wilcoxon,1,1,NAI,0.0619999999980791
wilcoxon,1,1,consisAI,0.0609999999978754
wilcoxon,1,1,smallAI,0.0930000000007567
wilcoxon,1,1,largeAI,0.144999999996799
wilcoxon,1,1,NAI,0.14600000000064
wilcoxon,1,1,consisAI,0.0930000000007567
wilcoxon,1,1,smallAI,0.0709999999999127
wilcoxon,1,1,largeAI,0.145000000000437
wilcoxon,1,1,NAI,0.128000000000611
wilcoxon,1,1,consisAI,0.132999999997992
wilcoxon,1,1,smallAI,0.104999999999563
wilcoxon,1,1,largeAI,0.0689999999995052
wilcoxon,1,1,NAI,0.0620000000017171
wilcoxon,1,1,consisAI,0.0610000000015134
wilcoxon,1,1,smallAI,0.0900000000001455
wilcoxon,1,1,largeAI,0.17699999999968
wilcoxon,1,1,NAI,0.128000000000611
wilcoxon,1,1,consisAI,0.0960000000013679
wilcoxon,1,1,smallAI,0.0430000000014843
wilcoxon,1,1,largeAI,0.0840000000025611
wilcoxon,1,1,NAI,0.092000000000553
wilcoxon,1,1,consisAI,0.126000000000204
wilcoxon,1,1,smallAI,0.0590000000011059
wilcoxon,1,1,largeAI,0.167999999997846
wilcoxon,1,1,NAI,0.126000000000204
wilcoxon,1,1,consisAI,0.147000000000844
wilcoxon,1,1,smallAI,0.0429999999978463
wilcoxon,1,1,largeAI,0.137000000002445
wilcoxon,1,1,NAI,0.212999999999738
wilcoxon,1,0,consisAI,0.146999999997206
wilcoxon,1,1,smallAI,0.0430000000014843
wilcoxon,0.983226974646172,1,largeAI,0.227999999999156
wilcoxon,0.983226974646172,1,NAI,0.0709999999999127
wilcoxon,0.983226974646172,1,consisAI,0.0590000000011059
wilcoxon,0.983226974646172,1,smallAI,0.0590000000011059
wilcoxon,1,1,largeAI,0.147000000000844
wilcoxon,1,1,NAI,0.125
wilcoxon,1,1,consisAI,0.0829999999987194
wilcoxon,1,1,smallAI,0.0600000000013097
wilcoxon,1,1,largeAI,0.152999999998428
wilcoxon,1,1,NAI,0.177999999999884
wilcoxon,1,1,consisAI,0.122999999999593
wilcoxon,1,1,smallAI,0.0599999999976717
wilcoxon,1,1,largeAI,0.125
wilcoxon,1,1,NAI,0.177999999999884
wilcoxon,1,1,consisAI,0.0860000000029686
wilcoxon,1,1,smallAI,0.044000000001688
wilcoxon,1,1,largeAI,0.21900000000096
wilcoxon,1,1,NAI,0.136999999998807
wilcoxon,1,1,consisAI,0.0849999999991269
wilcoxon,1,1,smallAI,0.044000000001688
wilcoxon,1,1,largeAI,0.0580000000009022
wilcoxon,1,0,NAI,0.08100000000195
wilcoxon,1,1,consisAI,0.0559999999968568
wilcoxon,1,1,smallAI,0.0700000000033469
wilcoxon,1,1,largeAI,0.0559999999968568
wilcoxon,1,1,NAI,0.0650000000023283
wilcoxon,1,1,consisAI,0.0889999999999418
wilcoxon,1,1,smallAI,0.0600000000013097
wilcoxon,1,1,largeAI,0.17699999999968
wilcoxon,1,1,NAI,0.0609999999978754
wilcoxon,1,1,consisAI,0.130000000001019
wilcoxon,1,1,smallAI,0.04399999999805
wilcoxon,1,1,largeAI,0.132999999997992
wilcoxon,1,1,NAI,0.0600000000013097
wilcoxon,1,1,consisAI,0.113000000001193
wilcoxon,1,0.837209302325581,smallAI,0.0640000000021246
wilcoxon,1,1,largeAI,0.181000000000495
wilcoxon,1,1,NAI,0.0980000000017753
wilcoxon,1,1,consisAI,0.0829999999987194
wilcoxon,1,1,smallAI,0.0430000000014843
wilcoxon,1,1,largeAI,0.0889999999999418
wilcoxon,1,1,NAI,0.112999999997555
wilcoxon,1,1,consisAI,0.0730000000003201
wilcoxon,1,1,smallAI,0.0740000000005239
wilcoxon,1,1,largeAI,0.17699999999968
wilcoxon,1,1,NAI,0.0849999999991269
wilcoxon,1,1,consisAI,0.0829999999987194
wilcoxon,1,1,smallAI,0.0429999999978463
wilcoxon,1,1,largeAI,0.152999999998428
wilcoxon,1,1,NAI,0.13799999999901
wilcoxon,1,1,consisAI,0.0580000000009022
wilcoxon,1,1,smallAI,0.0570000000006985
wilcoxon,1,1,largeAI,0.135999999998603
wilcoxon,1,1,NAI,0.136999999998807
wilcoxon,1,1,consisAI,0.104999999999563
wilcoxon,1,1,smallAI,0.0960000000013679
wilcoxon,1,1,largeAI,0.127000000000407
wilcoxon,1,1,NAI,0.137000000002445
wilcoxon,1,1,consisAI,0.0840000000025611
wilcoxon,1,1,smallAI,0.0740000000005239
wilcoxon,1,1,largeAI,0.175999999999476
wilcoxon,1,1,NAI,0.0599999999976717
wilcoxon,1,0,consisAI,0.0950000000011642
wilcoxon,1,1,smallAI,0.0629999999982829
wilcoxon,1,1,largeAI,0.113999999997759
wilcoxon,1,1,NAI,0.0600000000013097
wilcoxon,1,1,consisAI,0.080999999998312
wilcoxon,1,0.837209302325581,smallAI,0.0600000000013097
